id,eigencentrality,fitness
0,0.0,0
255,0.23560401582669302,322
1,0.0,75
4094,0.654553677064712,344
2,0.0,62
1021,0.22749966257777812,307
3,0.0,137
4092,0.042425253993978465,282
4,0.0,32
1019,0.2790883686496905,337
5,0.0,107
4090,0.08044846312538943,312
6,0.0,94
4089,0.042425253993978465,325
7,0.0,169
4088,0.01818225171170506,250
8,0.0,25
503,0.14863531018069784,309
9,0.0,100
4086,0.07181456046196474,319
10,0.0,87
4085,1.0,332
11,0.0,162
4084,0.02424300228227341,257
12,0.0,57
2035,0.546584785572753,342
13,0.0,132
4082,0.05711990722797157,287
14,0.0,119
4081,0.10286257263795186,300
15,0.0,194
4080,0.012121501141136705,225
16,0.0,60
2031,0.3473452731694715,339
17,0.0,135
4078,0.042425253993978465,284
18,0.0,122
4077,0.22954326525612467,297
19,0.0,197
4076,0.012121501141136705,222
20,0.0,92
4075,0.21083146412991022,327
21,0.0,167
4074,0.01818225171170506,252
22,0.0,154
4073,0.012121501141136705,265
23,0.02477255169678296,229
24,0.0,85
4071,0.28567866863476826,334
25,0.0,160
4070,0.01818225171170506,259
26,0.0,147
4069,0.01818225171170506,272
27,0.02477255169678296,222
28,0.0,117
4067,0.23007281467063437,302
29,0.0,192
4066,0.012121501141136705,227
30,0.0,179
31,0.04954510339356592,254
32,0.0,50
991,0.21083146412991022,319
33,0.0,125
4062,0.07090011407710914,294
34,0.0,112
4061,0.33864131304157424,307
35,0.0,187
4060,0.012121501141136705,232
36,0.0,82
4059,0.3165119709021195,337
37,0.0,157
4058,0.01818225171170506,262
38,0.0,144
4057,0.01818225171170506,275
39,0.02477255169678296,219
40,0.0,75
4055,0.3534060237400394,344
41,0.0,150
4054,0.01818225171170506,269
42,0.0,137
4053,0.09909020678713185,282
43,0.02477255169678296,212
44,0.0,107
4051,0.17999816186255876,312
45,0.0,182
4050,0.01818225171170506,237
46,0.0,169
4049,0.006060750570568352,250
47,0.02477255169678296,244
48,0.0,110
4047,0.15522561016577585,309
49,0.0,185
4046,0.006060750570568352,234
50,0.0,172
4045,0.006060750570568352,247
51,0.02477255169678296,247
52,0.0,142
55,0.07431765509034892,279
53,0.02477255169678296,217
54,0.0,204
56,0.0,135
63,0.11780200791334651,304
57,0.0,210
62,0.006060750570568352,229
58,0.0,197
59,0.04954510339356592,272
60,0.0,167
61,0.02477255169678296,242
64,0.0,15
447,0.18605891243312722,319
65,0.0,90
4030,0.10892332320852016,329
66,0.0,77
4029,0.6191036200261573,342
67,0.0,152
4028,0.02424300228227341,267
68,0.0,47
955,0.1425745596101297,322
69,0.0,122
4026,0.053632308750259663,297
70,0.0,109
4025,0.02424300228227341,310
71,0.0,184
4024,0.01818225171170506,235
72,0.0,40
951,0.19211966300369537,329
73,0.0,115
4022,0.0449984060868349,304
74,0.0,102
4021,0.3518919704762021,317
75,0.0,177
4020,0.01818225171170506,242
76,0.0,72
4019,0.4970396821791883,347
77,0.0,147
4018,0.02424300228227341,272
78,0.0,134
4017,0.01818225171170506,285
79,0.0,209
4016,0.006060750570568352,210
80,0.0,75
4015,0.25431581695290784,344
81,0.0,150
4014,0.01818225171170506,269
82,0.0,137
4013,0.09909020678713185,282
83,0.02477255169678296,212
84,0.0,107
4011,0.09909020678713185,312
85,0.0,182
4010,0.01818225171170506,237
86,0.0,169
4009,0.006060750570568352,250
87,0.02477255169678296,244
88,0.0,100
4007,0.2609061169379853,319
89,0.0,175
4006,0.01818225171170506,244
90,0.0,162
4005,0.012121501141136705,257
91,0.02477255169678296,237
92,0.0,132
4003,0.04954510339356592,287
93,0.0,207
4002,0.006060750570568352,212
94,0.0,194
95,0.04954510339356592,269
96,0.0,65
1951,0.19211966300369537,334
97,0.0,140
3998,0.04151080760912297,279
98,0.0,127
3997,0.19409320821757006,292
99,0.0,202
3996,0.006060750570568352,217
100,0.0,97
3995,0.2047707135593418,322
101,0.0,172
3994,0.012121501141136705,247
102,0.0,159
3993,0.012121501141136705,260
103,0.02477255169678296,234
104,0.0,90
3991,0.1612863607363442,329
105,0.0,165
3990,0.012121501141136705,254
106,0.0,152
3989,0.07431765509034892,267
107,0.02477255169678296,227
108,0.0,122
3987,0.07431765509034892,297
109,0.0,197
3986,0.012121501141136705,222
110,0.0,184
111,0.04954510339356592,259
112,0.0,125
127,0.18605891243312722,319
113,0.0,200
126,0.012121501141136705,244
114,0.0,187
115,0.04954510339356592,262
116,0.0,157
119,0.07431765509034892,294
117,0.02477255169678296,232
118,0.0,219
120,0.0,150
121,0.0,225
122,0.0,212
123,0.04954510339356592,287
124,0.0,182
125,0.02477255169678296,257
128,0.0,3
383,0.3099216709170422,331
129,0.0,78
3966,0.4409042788005443,341
130,0.0,65
1917,0.5474291744931379,334
131,0.0,140
3964,0.030303752852841762,279
132,0.0,35
891,0.2790883686496905,334
133,0.0,110
3962,0.05969305932082804,309
134,0.0,97
3961,0.030303752852841762,322
135,0.0,172
3960,0.01818225171170506,247
136,0.0,28
375,0.09909020678713185,306
137,0.0,103
3958,0.05969305932082804,316
138,0.0,90
3957,0.5813651782678543,329
139,0.0,165
3956,0.02424300228227341,254
140,0.0,60
3955,0.6401437912038273,359
141,0.0,135
3954,0.030303752852841762,284
142,0.0,122
3953,0.02424300228227341,297
143,0.0,197
3952,0.012121501141136705,222
144,0.0,63
3951,0.3473452731694715,356
145,0.0,138
3950,0.02424300228227341,281
146,0.0,125
3949,0.1425745596101297,294
147,0.0,200
3948,0.006060750570568352,219
148,0.0,95
3947,0.12386275848391486,324
149,0.0,170
3946,0.01818225171170506,249
150,0.0,157
3945,0.012121501141136705,262
151,0.02477255169678296,232
152,0.0,88
3943,0.2609061169379853,331
153,0.0,163
3942,0.01818225171170506,256
154,0.0,150
3941,0.012121501141136705,269
155,0.02477255169678296,225
156,0.0,120
3939,0.07431765509034892,299
157,0.0,195
3938,0.012121501141136705,224
158,0.0,182
159,0.04954510339356592,257
160,0.0,53
863,0.21083146412991022,316
161,0.0,128
3934,0.07090011407710914,291
162,0.0,115
3933,0.33864131304157424,304
163,0.0,190
3932,0.012121501141136705,229
164,0.0,85
3931,0.26696686750855403,334
165,0.0,160
3930,0.01818225171170506,259
166,0.0,147
3929,0.01818225171170506,272
167,0.02477255169678296,222
168,0.0,78
3927,0.2790883686496905,341
169,0.0,153
3926,0.01818225171170506,266
170,0.0,140
3925,0.09909020678713185,279
171,0.02477255169678296,215
172,0.0,110
3923,0.1612863607363442,309
173,0.0,185
3922,0.012121501141136705,234
174,0.0,172
3921,0.006060750570568352,247
175,0.02477255169678296,247
176,0.0,113
191,0.1612863607363442,307
177,0.0,188
190,0.012121501141136705,232
178,0.0,175
179,0.04954510339356592,250
180,0.0,145
183,0.07431765509034892,282
181,0.02477255169678296,220
182,0.0,207
184,0.0,138
185,0.0,213
186,0.0,200
187,0.04954510339356592,275
188,0.0,170
189,0.02477255169678296,245
192,0.0,18
193,0.0,93
3902,0.09422866997452697,326
194,0.0,80
3901,0.46849476463158474,339
195,0.0,155
3900,0.01818225171170506,264
196,0.0,50
1851,0.3968903765630369,349
197,0.0,125
3898,0.038937655516266545,294
198,0.0,112
3897,0.01818225171170506,307
199,0.0,187
3896,0.012121501141136705,232
200,0.0,43
823,0.19211966300369537,326
201,0.0,118
3894,0.038937655516266545,301
202,0.0,105
3893,0.2896958165269903,314
203,0.0,180
3892,0.01818225171170506,239
204,0.0,75
3891,0.3913591754069784,344
205,0.0,150
3890,0.01818225171170506,269
206,0.0,137
3889,0.01818225171170506,282
207,0.02477255169678296,212
208,0.0,78
3887,0.17999816186255876,341
209,0.0,153
3886,0.01818225171170506,266
210,0.0,140
3885,0.09909020678713185,279
211,0.02477255169678296,215
212,0.0,110
3883,0.09909020678713185,309
213,0.0,185
3882,0.012121501141136705,234
214,0.0,172
3881,0.006060750570568352,247
215,0.02477255169678296,247
216,0.0,103
3879,0.19870996298877353,316
217,0.0,178
3878,0.012121501141136705,241
218,0.0,165
3877,0.006060750570568352,254
219,0.02477255169678296,240
220,0.0,135
3875,0.04954510339356592,284
221,0.02477255169678296,210
222,0.0,197
223,0.04954510339356592,272
224,0.0,68
3871,0.36750107009505045,351
225,0.0,143
3870,0.03545005703855462,276
226,0.0,130
3869,0.07431765509034892,289
227,0.0,205
3868,0.006060750570568352,214
228,0.0,100
3867,0.1365138090395612,319
229,0.0,175
3866,0.012121501141136705,244
230,0.0,162
3865,0.012121501141136705,257
231,0.02477255169678296,237
232,0.0,93
3863,0.1365138090395612,326
233,0.0,168
3862,0.012121501141136705,251
234,0.0,155
3861,0.07431765509034892,264
235,0.02477255169678296,230
236,0.0,125
3859,0.07431765509034892,294
237,0.0,200
3858,0.006060750570568352,219
238,0.0,187
239,0.04954510339356592,262
240,0.0,128
241,0.0,203
254,0.012121501141136705,247
242,0.0,190
243,0.04954510339356592,265
244,0.0,160
247,0.07431765509034892,297
245,0.02477255169678296,235
246,0.0,222
248,0.0,153
249,0.0,228
250,0.0,215
251,0.04954510339356592,290
252,0.0,185
253,0.02477255169678296,260
256,0.0,12
257,0.0,87
3838,0.10892332320852016,332
258,0.0,74
3837,0.6438761717229405,345
259,0.0,149
3836,0.02424300228227341,270
260,0.0,44
763,0.1425745596101297,325
261,0.0,119
3834,0.053632308750259663,300
262,0.0,106
3833,0.02424300228227341,313
263,0.0,181
3832,0.01818225171170506,238
264,0.0,37
759,0.19211966300369537,332
265,0.0,112
3830,0.0449984060868349,307
266,0.0,99
3829,0.3518919704762021,320
267,0.0,174
3828,0.01818225171170506,245
268,0.0,69
3827,0.5157514833054037,350
269,0.0,144
3826,0.02424300228227341,275
270,0.0,131
3825,0.01818225171170506,288
271,0.0,206
3824,0.006060750570568352,213
272,0.0,72
3823,0.25431581695290784,347
273,0.0,147
3822,0.01818225171170506,272
274,0.0,134
3821,0.09909020678713185,285
275,0.0,209
3820,0.006060750570568352,210
276,0.0,104
3819,0.09909020678713185,315
277,0.0,179
3818,0.01818225171170506,240
278,0.0,166
3817,0.006060750570568352,253
279,0.02477255169678296,241
280,0.0,97
3815,0.2609061169379853,322
281,0.0,172
3814,0.01818225171170506,247
282,0.0,159
3813,0.012121501141136705,260
283,0.02477255169678296,234
284,0.0,129
3811,0.07431765509034892,290
285,0.0,204
3810,0.006060750570568352,215
286,0.0,191
287,0.04954510339356592,266
288,0.0,62
1759,0.35946677431060803,337
289,0.0,137
3806,0.047571558179691324,282
290,0.0,124
3805,0.21280500934378477,295
291,0.0,199
3804,0.012121501141136705,220
292,0.0,94
3803,0.22348251468555644,325
293,0.0,169
3802,0.012121501141136705,250
294,0.0,156
3801,0.012121501141136705,263
295,0.02477255169678296,231
296,0.0,87
3799,0.18605891243312722,332
297,0.0,162
3798,0.012121501141136705,257
298,0.0,149
3797,0.07431765509034892,270
299,0.02477255169678296,224
300,0.0,119
3795,0.1365138090395612,300
301,0.0,194
3794,0.012121501141136705,225
302,0.0,181
303,0.04954510339356592,256
304,0.0,122
319,0.1612863607363442,316
305,0.0,197
318,0.012121501141136705,241
306,0.0,184
307,0.04954510339356592,259
308,0.0,154
311,0.07431765509034892,291
309,0.02477255169678296,229
310,0.0,216
312,0.0,147
313,0.0,222
314,0.0,209
315,0.04954510339356592,284
316,0.0,179
317,0.02477255169678296,254
320,0.0,27
321,0.0,102
3774,0.09422866997452697,317
322,0.0,89
3773,0.34008530884093935,330
323,0.0,164
3772,0.01818225171170506,255
324,0.0,59
3771,0.5278729844465391,360
325,0.0,134
3770,0.02424300228227341,285
326,0.0,121
3769,0.01818225171170506,298
327,0.0,196
3768,0.012121501141136705,223
328,0.0,52
1719,0.35946677431060803,347
329,0.0,127
3766,0.030303752852841762,292
330,0.0,114
3765,0.27961791806420017,305
331,0.0,189
3764,0.012121501141136705,230
332,0.0,84
3763,0.22954326525612462,335
333,0.0,159
3762,0.01818225171170506,260
334,0.0,146
3761,0.01818225171170506,273
335,0.02477255169678296,221
336,0.0,87
3759,0.17999816186255876,332
337,0.0,162
3758,0.01818225171170506,257
338,0.0,149
3757,0.07431765509034892,270
339,0.02477255169678296,224
340,0.0,119
3755,0.07431765509034892,300
341,0.0,194
3754,0.012121501141136705,225
342,0.0,181
343,0.04954510339356592,256
344,0.0,112
3751,0.1365138090395612,307
345,0.0,187
3750,0.012121501141136705,232
346,0.0,174
347,0.04954510339356592,249
348,0.0,144
351,0.07431765509034892,281
349,0.02477255169678296,219
350,0.0,206
352,0.0,77
3743,0.27045446598626577,342
353,0.0,152
3742,0.020755403804561486,267
354,0.0,139
3741,0.04954510339356592,280
355,0.02477255169678296,214
356,0.0,109
3739,0.09302945621656361,310
357,0.0,184
3738,0.006060750570568352,235
358,0.0,171
3737,0.006060750570568352,248
359,0.02477255169678296,246
360,0.0,102
3735,0.09302945621656361,317
361,0.0,177
3734,0.006060750570568352,242
362,0.0,164
3733,0.04954510339356592,255
363,0.02477255169678296,239
364,0.0,134
3731,0.04954510339356592,285
365,0.0,209
3730,0.006060750570568352,210
366,0.0,196
367,0.04954510339356592,271
368,0.0,137
369,0.0,212
382,0.012121501141136705,256
370,0.0,199
371,0.04954510339356592,274
372,0.0,169
373,0.02477255169678296,244
374,0.0,231
376,0.0,162
377,0.0,237
378,0.0,224
379,0.04954510339356592,299
380,0.0,194
381,0.02477255169678296,269
384,0.0,15
385,0.0,90
3710,0.09422866997452697,329
386,0.0,77
3709,0.5220570159173725,342
387,0.0,152
3708,0.01818225171170506,267
388,0.0,47
635,0.1425745596101297,322
389,0.0,122
3706,0.047571558179691324,297
390,0.0,109
3705,0.01818225171170506,310
391,0.0,184
3704,0.01818225171170506,235
392,0.0,40
631,0.19211966300369537,329
393,0.0,115
3702,0.038937655516266545,304
394,0.0,102
3701,0.3084076176532045,317
395,0.0,177
3700,0.01818225171170506,242
396,0.0,72
3699,0.41007097653319174,347
397,0.0,147
3698,0.01818225171170506,272
398,0.0,134
3697,0.01818225171170506,285
399,0.0,209
3696,0.006060750570568352,210
400,0.0,75
3695,0.22954326525612462,344
401,0.0,150
3694,0.01818225171170506,269
402,0.0,137
3693,0.09909020678713185,282
403,0.02477255169678296,212
404,0.0,107
3691,0.09909020678713185,312
405,0.0,182
3690,0.01818225171170506,237
406,0.0,169
3689,0.006060750570568352,250
407,0.02477255169678296,244
408,0.0,100
3687,0.2609061169379853,319
409,0.0,175
3686,0.01818225171170506,244
410,0.0,162
3685,0.012121501141136705,257
411,0.02477255169678296,237
412,0.0,132
3683,0.04954510339356592,287
413,0.0,207
3682,0.006060750570568352,212
414,0.0,194
415,0.04954510339356592,269
416,0.0,65
1631,0.23560401582669302,334
417,0.0,140
3678,0.047571558179691324,279
418,0.0,127
3677,0.21280500934378477,292
419,0.0,202
3676,0.006060750570568352,217
420,0.0,97
3675,0.17999816186255882,322
421,0.0,172
3674,0.012121501141136705,247
422,0.0,159
3673,0.012121501141136705,260
423,0.02477255169678296,234
424,0.0,90
3671,0.18605891243312722,329
425,0.0,165
3670,0.012121501141136705,254
426,0.0,152
3669,0.07431765509034892,267
427,0.02477255169678296,227
428,0.0,122
3667,0.1365138090395612,297
429,0.0,197
3666,0.012121501141136705,222
430,0.0,184
431,0.04954510339356592,259
432,0.0,125
433,0.0,200
446,0.012121501141136705,244
434,0.0,187
435,0.04954510339356592,262
436,0.0,157
439,0.07431765509034892,294
437,0.02477255169678296,232
438,0.0,219
440,0.0,150
441,0.0,225
442,0.0,212
443,0.04954510339356592,287
444,0.0,182
445,0.02477255169678296,257
448,0.0,30
575,0.3286334720432564,339
449,0.0,105
3646,0.0855947673111023,314
450,0.0,92
3645,0.3300074103781495,327
451,0.0,167
3644,0.01818225171170506,252
452,0.0,62
3643,0.4783278810529731,357
453,0.0,137
3642,0.02424300228227341,282
454,0.0,124
3641,0.01818225171170506,295
455,0.0,199
3640,0.012121501141136705,220
456,0.0,55
1591,0.3099216709170422,344
457,0.0,130
3638,0.030303752852841762,289
458,0.0,117
3637,0.27961791806420017,302
459,0.0,192
3636,0.012121501141136705,227
460,0.0,87
3635,0.22954326525612462,332
461,0.0,162
3634,0.01818225171170506,257
462,0.0,149
3633,0.012121501141136705,270
463,0.02477255169678296,224
464,0.0,90
3631,0.1365138090395612,329
465,0.0,165
3630,0.012121501141136705,254
466,0.0,152
3629,0.07431765509034892,267
467,0.02477255169678296,227
468,0.0,122
3627,0.07431765509034892,297
469,0.0,197
3626,0.012121501141136705,222
470,0.0,184
471,0.04954510339356592,259
472,0.0,115
3623,0.1365138090395612,304
473,0.0,190
3622,0.012121501141136705,229
474,0.0,177
475,0.04954510339356592,252
476,0.0,147
479,0.07431765509034892,284
477,0.02477255169678296,222
478,0.0,209
480,0.0,80
3615,0.2603765675234761,339
481,0.0,155
3614,0.012121501141136705,264
482,0.0,142
3613,0.04954510339356592,277
483,0.02477255169678296,217
484,0.0,112
3611,0.09302945621656361,307
485,0.0,187
3610,0.006060750570568352,232
486,0.0,174
487,0.04954510339356592,249
488,0.0,105
3607,0.09302945621656361,314
489,0.0,180
3606,0.006060750570568352,239
490,0.0,167
3605,0.04954510339356592,252
491,0.02477255169678296,242
492,0.0,137
3603,0.04954510339356592,282
493,0.02477255169678296,212
494,0.0,199
495,0.04954510339356592,274
496,0.0,140
497,0.0,215
510,0.01818225171170506,259
498,0.0,202
499,0.04954510339356592,277
500,0.0,172
501,0.02477255169678296,247
502,0.0,234
504,0.0,165
505,0.0,240
506,0.0,227
507,0.07431765509034892,302
508,0.0,197
509,0.1056805067722098,272
511,0.0,0
512,0.0,35
513,0.0,110
3582,0.04757155817969133,309
514,0.0,97
3581,0.21280500934378477,322
515,0.0,172
3580,0.006060750570568352,247
516,0.0,67
3579,0.36605707429568535,352
517,0.0,142
3578,0.012121501141136705,277
518,0.0,129
3577,0.006060750570568352,290
519,0.0,204
3576,0.006060750570568352,215
520,0.0,60
1527,0.24166476639726142,339
521,0.0,135
3574,0.01818225171170506,284
522,0.0,122
3573,0.17393741129199056,297
523,0.0,197
3572,0.006060750570568352,222
524,0.0,92
3571,0.1425745596101297,327
525,0.0,167
3570,0.006060750570568352,252
526,0.0,154
3569,0.006060750570568352,265
527,0.02477255169678296,229
528,0.0,95
3567,0.11780200791334651,324
529,0.0,170
3566,0.006060750570568352,249
530,0.0,157
3565,0.04954510339356592,262
531,0.02477255169678296,232
532,0.0,127
3563,0.04954510339356592,292
533,0.0,202
3562,0.006060750570568352,217
534,0.0,189
535,0.04954510339356592,264
536,0.0,120
3559,0.09302945621656361,299
537,0.0,195
3558,0.006060750570568352,224
538,0.0,182
539,0.04954510339356592,257
540,0.0,152
543,0.07431765509034892,289
541,0.02477255169678296,227
542,0.0,214
544,0.0,85
545,0.0,160
574,0.01818225171170506,264
546,0.0,147
573,0.04954510339356592,277
547,0.02477255169678296,222
548,0.0,117
571,0.09302945621656361,307
549,0.0,192
570,0.006060750570568352,232
550,0.0,179
551,0.04954510339356592,254
552,0.0,110
567,0.11780200791334651,314
553,0.0,185
566,0.006060750570568352,239
554,0.0,172
565,0.04954510339356592,252
555,0.02477255169678296,247
556,0.0,142
563,0.07431765509034892,282
557,0.02477255169678296,217
558,0.0,204
559,0.04954510339356592,279
560,0.0,145
561,0.0,220
562,0.0,207
564,0.0,177
568,0.0,170
569,0.0,245
572,0.0,202
576,0.0,50
577,0.0,125
3518,0.04757155817969133,294
578,0.0,112
3517,0.21280500934378477,307
579,0.0,187
3516,0.006060750570568352,232
580,0.0,82
3515,0.17999816186255882,337
581,0.0,157
3514,0.012121501141136705,262
582,0.0,144
3513,0.006060750570568352,275
583,0.02477255169678296,219
584,0.0,75
3511,0.2851491192202594,344
585,0.0,150
3510,0.012121501141136705,269
586,0.0,137
3509,0.07431765509034892,282
587,0.02477255169678296,212
588,0.0,107
3507,0.11780200791334651,312
589,0.0,182
3506,0.006060750570568352,237
590,0.0,169
3505,0.006060750570568352,250
591,0.02477255169678296,244
592,0.0,110
3503,0.09302945621656361,309
593,0.0,185
3502,0.006060750570568352,234
594,0.0,172
3501,0.04954510339356592,247
595,0.02477255169678296,247
596,0.0,142
599,0.07431765509034892,279
597,0.02477255169678296,217
598,0.0,204
600,0.0,135
607,0.11780200791334651,304
601,0.0,210
606,0.006060750570568352,229
602,0.0,197
603,0.04954510339356592,272
604,0.0,167
605,0.02477255169678296,242
608,0.0,100
3487,0.12386275848391486,319
609,0.0,175
638,0.02424300228227341,279
610,0.0,162
637,0.14916485959520742,292
611,0.02477255169678296,237
612,0.0,132
613,0.0,207
634,0.006060750570568352,247
614,0.0,194
615,0.04954510339356592,269
616,0.0,125
617,0.0,200
630,0.006060750570568352,254
618,0.0,187
629,0.04954510339356592,267
619,0.02477255169678296,262
620,0.0,157
627,0.07431765509034892,297
621,0.02477255169678296,232
622,0.0,219
623,0.04954510339356592,294
624,0.0,160
625,0.0,235
626,0.0,222
628,0.0,192
632,0.0,185
633,0.0,260
636,0.0,217
639,0.0,0
640,0.0,38
641,0.0,113
3454,0.04757155817969133,306
642,0.0,100
3453,0.21280500934378477,319
643,0.0,175
3452,0.006060750570568352,244
644,0.0,70
3451,0.3165119709021193,349
645,0.0,145
3450,0.012121501141136705,274
646,0.0,132
3449,0.006060750570568352,287
647,0.0,207
3448,0.006060750570568352,212
648,0.0,63
1399,0.21689221470047845,336
649,0.0,138
3446,0.01818225171170506,281
650,0.0,125
3445,0.17393741129199056,294
651,0.0,200
3444,0.006060750570568352,219
652,0.0,95
3443,0.1425745596101297,324
653,0.0,170
3442,0.006060750570568352,249
654,0.0,157
3441,0.006060750570568352,262
655,0.02477255169678296,232
656,0.0,98
3439,0.11780200791334651,321
657,0.0,173
3438,0.006060750570568352,246
658,0.0,160
3437,0.04954510339356592,259
659,0.02477255169678296,235
660,0.0,130
3435,0.04954510339356592,289
661,0.0,205
3434,0.006060750570568352,214
662,0.0,192
663,0.04954510339356592,267
664,0.0,123
3431,0.09302945621656361,296
665,0.0,198
3430,0.006060750570568352,221
666,0.0,185
667,0.04954510339356592,260
668,0.0,155
671,0.07431765509034892,292
669,0.02477255169678296,230
670,0.0,217
672,0.0,88
3423,0.16734711130691257,331
673,0.0,163
702,0.02424300228227341,267
674,0.0,150
701,0.14916485959520742,280
675,0.02477255169678296,225
676,0.0,120
699,0.11780200791334651,310
677,0.0,195
698,0.006060750570568352,235
678,0.0,182
679,0.04954510339356592,257
680,0.0,113
695,0.16734711130691257,317
681,0.0,188
694,0.006060750570568352,242
682,0.0,175
693,0.04954510339356592,255
683,0.02477255169678296,250
684,0.0,145
691,0.07431765509034892,285
685,0.02477255169678296,220
686,0.0,207
687,0.04954510339356592,282
688,0.0,148
689,0.0,223
690,0.0,210
692,0.0,180
696,0.0,173
697,0.0,248
700,0.0,205
703,0.0,0
704,0.0,53
705,0.0,128
3390,0.04757155817969133,291
706,0.0,115
3389,0.21280500934378477,304
707,0.0,190
3388,0.006060750570568352,229
708,0.0,85
3387,0.17999816186255882,334
709,0.0,160
3386,0.012121501141136705,259
710,0.0,147
3385,0.006060750570568352,272
711,0.02477255169678296,222
712,0.0,78
3383,0.23560401582669302,341
713,0.0,153
3382,0.012121501141136705,266
714,0.0,140
3381,0.07431765509034892,279
715,0.02477255169678296,215
716,0.0,110
3379,0.11780200791334651,309
717,0.0,185
3378,0.006060750570568352,234
718,0.0,172
3377,0.006060750570568352,247
719,0.02477255169678296,247
720,0.0,113
735,0.1612863607363442,307
721,0.0,188
734,0.012121501141136705,232
722,0.0,175
723,0.04954510339356592,250
724,0.0,145
727,0.07431765509034892,282
725,0.02477255169678296,220
726,0.0,207
728,0.0,138
729,0.0,213
730,0.0,200
731,0.04954510339356592,275
732,0.0,170
733,0.02477255169678296,245
736,0.0,103
3359,0.12386275848391486,316
737,0.0,178
766,0.02424300228227341,282
738,0.0,165
765,0.14916485959520742,295
739,0.02477255169678296,240
740,0.0,135
741,0.0,210
762,0.006060750570568352,250
742,0.0,197
743,0.04954510339356592,272
744,0.0,128
745,0.0,203
758,0.006060750570568352,257
746,0.0,190
757,0.04954510339356592,270
747,0.02477255169678296,265
748,0.0,160
755,0.07431765509034892,300
749,0.02477255169678296,235
750,0.0,222
751,0.04954510339356592,297
752,0.0,163
753,0.0,238
754,0.0,225
756,0.0,195
760,0.0,188
761,0.0,263
764,0.0,220
767,0.0,0
768,0.0,47
769,0.0,122
3326,0.04757155817969133,297
770,0.0,109
3325,0.21280500934378477,310
771,0.0,184
3324,0.006060750570568352,235
772,0.0,79
3323,0.22954326525612462,340
773,0.0,154
3322,0.012121501141136705,265
774,0.0,141
3321,0.006060750570568352,278
775,0.02477255169678296,216
776,0.0,72
3319,0.3781785754368221,347
777,0.0,147
3318,0.012121501141136705,272
778,0.0,134
3317,0.07431765509034892,285
779,0.0,209
3316,0.006060750570568352,210
780,0.0,104
3315,0.11780200791334651,315
781,0.0,179
3314,0.006060750570568352,240
782,0.0,166
3313,0.006060750570568352,253
783,0.02477255169678296,241
784,0.0,107
3311,0.09302945621656361,312
785,0.0,182
3310,0.006060750570568352,237
786,0.0,169
3309,0.04954510339356592,250
787,0.02477255169678296,244
788,0.0,139
3307,0.04954510339356592,280
789,0.02477255169678296,214
790,0.0,201
791,0.04954510339356592,276
792,0.0,132
799,0.11780200791334651,301
793,0.0,207
798,0.006060750570568352,226
794,0.0,194
795,0.04954510339356592,269
796,0.0,164
797,0.02477255169678296,239
800,0.0,97
3295,0.1425745596101297,322
801,0.0,172
830,0.02424300228227341,276
802,0.0,159
829,0.14916485959520742,289
803,0.02477255169678296,234
804,0.0,129
827,0.11780200791334651,319
805,0.0,204
826,0.006060750570568352,244
806,0.0,191
807,0.04954510339356592,266
808,0.0,122
809,0.0,197
822,0.006060750570568352,251
810,0.0,184
821,0.04954510339356592,264
811,0.02477255169678296,259
812,0.0,154
819,0.07431765509034892,294
813,0.02477255169678296,229
814,0.0,216
815,0.04954510339356592,291
816,0.0,157
817,0.0,232
818,0.0,219
820,0.0,189
824,0.0,182
825,0.0,257
828,0.0,214
831,0.0,0
832,0.0,62
1215,0.35946677431060803,337
833,0.0,137
894,0.038937655516266545,291
834,0.0,124
893,0.20272711088099488,304
835,0.0,199
892,0.006060750570568352,229
836,0.0,94
837,0.0,169
890,0.012121501141136705,259
838,0.0,156
889,0.006060750570568352,272
839,0.02477255169678296,231
840,0.0,87
3255,0.14863531018069784,332
841,0.0,162
886,0.01818225171170506,266
842,0.0,149
885,0.15522561016577574,279
843,0.02477255169678296,224
844,0.0,119
883,0.1425745596101297,309
845,0.0,194
882,0.006060750570568352,234
846,0.0,181
847,0.04954510339356592,256
848,0.0,122
849,0.0,197
862,0.012121501141136705,241
850,0.0,184
851,0.04954510339356592,259
852,0.0,154
855,0.07431765509034892,291
853,0.02477255169678296,229
854,0.0,216
856,0.0,147
857,0.0,222
858,0.0,209
859,0.04954510339356592,284
860,0.0,179
861,0.02477255169678296,254
864,0.0,112
865,0.0,187
866,0.0,174
867,0.02477255169678296,249
868,0.0,144
869,0.0,219
870,0.0,206
871,0.04954510339356592,281
872,0.0,137
879,0.07431765509034892,306
873,0.0,212
874,0.0,199
875,0.02477255169678296,274
876,0.0,169
877,0.02477255169678296,244
878,0.0,231
880,0.0,172
881,0.0,247
884,0.0,204
887,0.0,0
888,0.0,197
895,0.0,0
896,0.0,50
897,0.0,125
3198,0.04757155817969133,294
898,0.0,112
3197,0.21280500934378477,307
899,0.0,187
3196,0.006060750570568352,232
900,0.0,82
3195,0.2047707135593418,337
901,0.0,157
3194,0.012121501141136705,262
902,0.0,144
3193,0.006060750570568352,275
903,0.02477255169678296,219
904,0.0,75
3191,0.23560401582669302,344
905,0.0,150
3190,0.012121501141136705,269
906,0.0,137
3189,0.07431765509034892,282
907,0.02477255169678296,212
908,0.0,107
3187,0.11780200791334651,312
909,0.0,182
3186,0.006060750570568352,237
910,0.0,169
3185,0.006060750570568352,250
911,0.02477255169678296,244
912,0.0,110
3183,0.09302945621656361,309
913,0.0,185
3182,0.006060750570568352,234
914,0.0,172
3181,0.04954510339356592,247
915,0.02477255169678296,247
916,0.0,142
919,0.07431765509034892,279
917,0.02477255169678296,217
918,0.0,204
920,0.0,135
927,0.11780200791334651,304
921,0.0,210
926,0.006060750570568352,229
922,0.0,197
923,0.04954510339356592,272
924,0.0,167
925,0.02477255169678296,242
928,0.0,100
3167,0.09909020678713185,319
929,0.0,175
958,0.02424300228227341,279
930,0.0,162
957,0.14916485959520742,292
931,0.02477255169678296,237
932,0.0,132
933,0.0,207
954,0.006060750570568352,247
934,0.0,194
935,0.04954510339356592,269
936,0.0,125
937,0.0,200
950,0.006060750570568352,254
938,0.0,187
949,0.04954510339356592,267
939,0.02477255169678296,262
940,0.0,157
947,0.07431765509034892,297
941,0.02477255169678296,232
942,0.0,219
943,0.04954510339356592,294
944,0.0,160
945,0.0,235
946,0.0,222
948,0.0,192
952,0.0,185
953,0.0,260
956,0.0,217
959,0.0,0
960,0.0,65
3135,0.35946677431060803,354
961,0.0,140
1022,0.038937655516266545,294
962,0.0,127
963,0.0,202
1020,0.006060750570568352,232
964,0.0,97
965,0.0,172
1018,0.012121501141136705,262
966,0.0,159
1017,0.006060750570568352,275
967,0.02477255169678296,234
968,0.0,90
3127,0.09909020678713185,329
969,0.0,165
1014,0.01818225171170506,269
970,0.0,152
1013,0.15522561016577574,282
971,0.02477255169678296,227
972,0.0,122
1011,0.1425745596101297,312
973,0.0,197
1010,0.006060750570568352,237
974,0.0,184
975,0.04954510339356592,259
976,0.0,125
977,0.0,200
990,0.012121501141136705,244
978,0.0,187
979,0.04954510339356592,262
980,0.0,157
983,0.07431765509034892,294
981,0.02477255169678296,232
982,0.0,219
984,0.0,150
985,0.0,225
986,0.0,212
987,0.04954510339356592,287
988,0.0,182
989,0.02477255169678296,257
992,0.0,115
993,0.0,190
994,0.0,177
995,0.02477255169678296,252
996,0.0,147
997,0.0,222
998,0.0,209
999,0.04954510339356592,284
1000,0.0,140
1007,0.07431765509034892,309
1001,0.0,215
1002,0.0,202
1003,0.02477255169678296,277
1004,0.0,172
1005,0.02477255169678296,247
1006,0.0,234
1008,0.0,175
1009,0.0,250
1012,0.0,207
1015,0.0,0
1016,0.0,200
1023,0.0,0
1024,0.0,30
1087,0.21083146412991022,334
1025,0.0,105
2046,0.4409042788005443,324
1026,0.0,92
3069,0.6050085736711458,327
1027,0.0,167
2044,0.030303752852841762,262
1028,0.0,62
1029,0.0,137
2042,0.05105915665740325,292
1030,0.0,124
2041,0.030303752852841762,305
1031,0.0,199
2040,0.006060750570568352,230
1032,0.0,55
1033,0.0,130
2038,0.042425253993978465,299
1034,0.0,117
2037,0.5137078806270554,312
1035,0.0,192
2036,0.012121501141136705,237
1036,0.0,87
1037,0.0,162
2034,0.030303752852841762,267
1038,0.0,149
2033,0.02424300228227341,280
1039,0.02477255169678296,224
1040,0.0,90
1041,0.0,165
2030,0.02424300228227341,264
1042,0.0,152
2029,0.12386275848391486,277
1043,0.02477255169678296,227
1044,0.0,122
2027,0.09909020678713185,307
1045,0.0,197
2026,0.006060750570568352,232
1046,0.0,184
1047,0.04954510339356592,259
1048,0.0,115
2023,0.13651380903956137,314
1049,0.0,190
2022,0.006060750570568352,239
1050,0.0,177
2021,0.006060750570568352,252
1051,0.02477255169678296,252
1052,0.0,147
1055,0.07431765509034892,284
1053,0.02477255169678296,222
1054,0.0,209
1056,0.0,80
3039,0.3099216709170422,339
1057,0.0,155
2014,0.03287690494569819,274
1058,0.0,142
2013,0.1840153097547803,287
1059,0.02477255169678296,217
1060,0.0,112
2011,0.16734711130691257,317
1061,0.0,187
2010,0.006060750570568352,242
1062,0.0,174
2009,0.006060750570568352,255
1063,0.02477255169678296,249
1064,0.0,105
2007,0.19211966300369537,324
1065,0.0,180
2006,0.006060750570568352,249
1066,0.0,167
2005,0.04954510339356592,262
1067,0.02477255169678296,242
1068,0.0,137
2003,0.09302945621656361,292
1069,0.0,212
2002,0.006060750570568352,217
1070,0.0,199
1071,0.04954510339356592,274
1072,0.0,140
1073,0.0,215
1086,0.012121501141136705,259
1074,0.0,202
1075,0.04954510339356592,277
1076,0.0,172
1079,0.07431765509034892,309
1077,0.02477255169678296,247
1078,0.0,234
1080,0.0,165
1081,0.0,240
1082,0.0,227
1083,0.04954510339356592,302
1084,0.0,197
1085,0.02477255169678296,272
1088,0.0,45
1089,0.0,120
1982,0.06226621141368444,309
1090,0.0,107
1981,0.39075956852799665,322
1091,0.0,182
1980,0.012121501141136705,247
1092,0.0,77
3003,0.3038609203464735,342
1093,0.0,152
1978,0.02424300228227341,277
1094,0.0,139
1977,0.012121501141136705,290
1095,0.0,214
1976,0.006060750570568352,215
1096,0.0,70
2999,0.33469422261382514,349
1097,0.0,145
1974,0.02424300228227341,284
1098,0.0,132
1973,0.21742176411498793,297
1099,0.0,207
1972,0.006060750570568352,222
1100,0.0,102
1971,0.291739419205337,327
1101,0.0,177
1970,0.012121501141136705,252
1102,0.0,164
1969,0.006060750570568352,265
1103,0.02477255169678296,239
1104,0.0,105
1967,0.09302945621656361,324
1105,0.0,180
1966,0.006060750570568352,249
1106,0.0,167
1965,0.04954510339356592,262
1107,0.02477255169678296,242
1108,0.0,137
1963,0.04954510339356592,292
1109,0.0,212
1962,0.006060750570568352,217
1110,0.0,199
1111,0.04954510339356592,274
1112,0.0,130
1959,0.13651380903956137,299
1113,0.0,205
1958,0.006060750570568352,224
1114,0.0,192
1115,0.04954510339356592,267
1116,0.0,162
1119,0.07431765509034892,299
1117,0.02477255169678296,237
1118,0.0,224
1120,0.0,95
1121,0.0,170
1150,0.02424300228227341,274
1122,0.0,157
1149,0.14916485959520742,287
1123,0.02477255169678296,232
1124,0.0,127
1147,0.1425745596101297,317
1125,0.0,202
1146,0.006060750570568352,242
1126,0.0,189
1127,0.04954510339356592,264
1128,0.0,120
1143,0.19211966300369537,324
1129,0.0,195
1142,0.006060750570568352,249
1130,0.0,182
1141,0.04954510339356592,262
1131,0.02477255169678296,257
1132,0.0,152
1139,0.07431765509034892,292
1133,0.02477255169678296,227
1134,0.0,214
1135,0.04954510339356592,289
1136,0.0,155
1137,0.0,230
1138,0.0,217
1140,0.0,187
1144,0.0,180
1145,0.0,255
1148,0.0,212
1151,0.0,0
1152,0.0,33
1153,0.0,108
1918,0.0855947673111023,321
1154,0.0,95
1155,0.0,170
1916,0.01818225171170506,259
1156,0.0,65
1157,0.0,140
1914,0.030303752852841762,289
1158,0.0,127
1913,0.01818225171170506,302
1159,0.0,202
1912,0.006060750570568352,227
1160,0.0,58
1161,0.0,133
1910,0.030303752852841762,296
1162,0.0,120
1909,0.26090611693798516,309
1163,0.0,195
1908,0.012121501141136705,234
1164,0.0,90
1907,0.37264737428076333,339
1165,0.0,165
1906,0.01818225171170506,264
1166,0.0,152
1905,0.012121501141136705,277
1167,0.02477255169678296,227
1168,0.0,93
1903,0.21083146412991022,336
1169,0.0,168
1902,0.012121501141136705,261
1170,0.0,155
1901,0.07431765509034892,274
1171,0.02477255169678296,230
1172,0.0,125
1899,0.07431765509034892,304
1173,0.0,200
1898,0.006060750570568352,229
1174,0.0,187
1175,0.04954510339356592,262
1176,0.0,118
1895,0.13651380903956137,311
1177,0.0,193
1894,0.006060750570568352,236
1178,0.0,180
1179,0.04954510339356592,255
1180,0.0,150
1183,0.07431765509034892,287
1181,0.02477255169678296,225
1182,0.0,212
1184,0.0,83
1185,0.0,158
1886,0.03287690494569819,271
1186,0.0,145
1885,0.15924275805799734,284
1187,0.02477255169678296,220
1188,0.0,115
1883,0.1425745596101297,314
1189,0.0,190
1882,0.006060750570568352,239
1190,0.0,177
1881,0.006060750570568352,252
1191,0.02477255169678296,252
1192,0.0,108
1879,0.1425745596101297,321
1193,0.0,183
1878,0.006060750570568352,246
1194,0.0,170
1877,0.04954510339356592,259
1195,0.02477255169678296,245
1196,0.0,140
1875,0.07431765509034892,289
1197,0.02477255169678296,215
1198,0.0,202
1199,0.04954510339356592,277
1200,0.0,143
1201,0.0,218
1214,0.012121501141136705,262
1202,0.0,205
1203,0.04954510339356592,280
1204,0.0,175
1207,0.07431765509034892,312
1205,0.02477255169678296,250
1206,0.0,237
1208,0.0,168
1209,0.0,243
1210,0.0,230
1211,0.04954510339356592,305
1212,0.0,200
1213,0.02477255169678296,275
1216,0.0,48
1217,0.0,123
1854,0.04757155817969133,306
1218,0.0,110
1853,0.21280500934378477,319
1219,0.0,185
1852,0.006060750570568352,244
1220,0.0,80
1221,0.0,155
1850,0.012121501141136705,274
1222,0.0,142
1849,0.006060750570568352,287
1223,0.02477255169678296,217
1224,0.0,73
2871,0.24166476639726142,346
1225,0.0,148
1846,0.01818225171170506,281
1226,0.0,135
1845,0.15522561016577574,294
1227,0.0,210
1844,0.006060750570568352,219
1228,0.0,105
1843,0.1425745596101297,324
1229,0.0,180
1842,0.006060750570568352,249
1230,0.0,167
1841,0.006060750570568352,262
1231,0.02477255169678296,242
1232,0.0,108
1839,0.09302945621656361,321
1233,0.0,183
1838,0.006060750570568352,246
1234,0.0,170
1837,0.04954510339356592,259
1235,0.02477255169678296,245
1236,0.0,140
1835,0.04954510339356592,289
1237,0.02477255169678296,215
1238,0.0,202
1239,0.04954510339356592,277
1240,0.0,133
1247,0.11780200791334651,302
1241,0.0,208
1246,0.006060750570568352,227
1242,0.0,195
1243,0.04954510339356592,270
1244,0.0,165
1245,0.02477255169678296,240
1248,0.0,98
1823,0.1425745596101297,331
1249,0.0,173
1278,0.02424300228227341,277
1250,0.0,160
1277,0.14916485959520742,290
1251,0.02477255169678296,235
1252,0.0,130
1275,0.11780200791334651,320
1253,0.0,205
1274,0.006060750570568352,245
1254,0.0,192
1255,0.04954510339356592,267
1256,0.0,123
1271,0.19211966300369537,327
1257,0.0,198
1270,0.006060750570568352,252
1258,0.0,185
1269,0.04954510339356592,265
1259,0.02477255169678296,260
1260,0.0,155
1267,0.07431765509034892,295
1261,0.02477255169678296,230
1262,0.0,217
1263,0.04954510339356592,292
1264,0.0,158
1265,0.0,233
1266,0.0,220
1268,0.0,190
1272,0.0,183
1273,0.0,258
1276,0.0,215
1279,0.0,0
1280,0.0,42
1311,0.09909020678713185,296
1281,0.0,117
1790,0.06226621141368444,312
1282,0.0,104
1789,0.39075956852799665,325
1283,0.0,179
1788,0.012121501141136705,250
1284,0.0,74
2811,0.3038609203464735,345
1285,0.0,149
1786,0.02424300228227341,280
1286,0.0,136
1785,0.012121501141136705,293
1287,0.0,211
1784,0.006060750570568352,218
1288,0.0,67
1289,0.0,142
1782,0.02424300228227341,287
1290,0.0,129
1781,0.21742176411498793,300
1291,0.0,204
1780,0.006060750570568352,225
1292,0.0,99
1779,0.291739419205337,330
1293,0.0,174
1778,0.012121501141136705,255
1294,0.0,161
1777,0.006060750570568352,268
1295,0.02477255169678296,236
1296,0.0,102
1775,0.11780200791334651,327
1297,0.0,177
1774,0.006060750570568352,252
1298,0.0,164
1773,0.04954510339356592,265
1299,0.02477255169678296,239
1300,0.0,134
1771,0.04954510339356592,295
1301,0.0,209
1770,0.006060750570568352,220
1302,0.0,196
1303,0.04954510339356592,271
1304,0.0,127
1767,0.13651380903956137,302
1305,0.0,202
1766,0.006060750570568352,227
1306,0.0,189
1307,0.04954510339356592,264
1308,0.0,159
1309,0.02477255169678296,234
1310,0.0,221
1312,0.0,92
1313,0.0,167
1342,0.02424300228227341,271
1314,0.0,154
1341,0.14916485959520742,284
1315,0.02477255169678296,229
1316,0.0,124
1339,0.11780200791334651,314
1317,0.0,199
1338,0.006060750570568352,239
1318,0.0,186
1319,0.04954510339356592,261
1320,0.0,117
1335,0.16734711130691257,321
1321,0.0,192
1334,0.006060750570568352,246
1322,0.0,179
1333,0.04954510339356592,259
1323,0.02477255169678296,254
1324,0.0,149
1331,0.07431765509034892,289
1325,0.02477255169678296,224
1326,0.0,211
1327,0.04954510339356592,286
1328,0.0,152
1329,0.0,227
1330,0.0,214
1332,0.0,184
1336,0.0,177
1337,0.0,252
1340,0.0,209
1343,0.0,0
1344,0.0,57
1345,0.0,132
1726,0.04757155817969133,297
1346,0.0,119
1725,0.21280500934378477,310
1347,0.0,194
1724,0.006060750570568352,235
1348,0.0,89
1723,0.22954326525612462,340
1349,0.0,164
1722,0.012121501141136705,265
1350,0.0,151
1721,0.006060750570568352,278
1351,0.02477255169678296,226
1352,0.0,82
1353,0.0,157
1718,0.012121501141136705,272
1354,0.0,144
1717,0.07431765509034892,285
1355,0.02477255169678296,219
1356,0.0,114
1715,0.11780200791334651,315
1357,0.0,189
1714,0.006060750570568352,240
1358,0.0,176
1713,0.006060750570568352,253
1359,0.02477255169678296,251
1360,0.0,117
1711,0.09302945621656361,312
1361,0.0,192
1710,0.006060750570568352,237
1362,0.0,179
1363,0.04954510339356592,254
1364,0.0,149
1367,0.07431765509034892,286
1365,0.02477255169678296,224
1366,0.0,211
1368,0.0,142
1375,0.11780200791334651,311
1369,0.0,217
1374,0.006060750570568352,236
1370,0.0,204
1371,0.04954510339356592,279
1372,0.0,174
1373,0.02477255169678296,249
1376,0.0,107
1695,0.1425745596101297,322
1377,0.0,182
1406,0.02424300228227341,286
1378,0.0,169
1405,0.14916485959520742,299
1379,0.02477255169678296,244
1380,0.0,139
1403,0.11780200791334651,329
1381,0.0,214
1402,0.006060750570568352,254
1382,0.0,201
1383,0.04954510339356592,276
1384,0.0,132
1385,0.0,207
1398,0.006060750570568352,261
1386,0.0,194
1397,0.04954510339356592,274
1387,0.02477255169678296,269
1388,0.0,164
1395,0.07431765509034892,304
1389,0.02477255169678296,239
1390,0.0,226
1391,0.04954510339356592,301
1392,0.0,167
1393,0.0,242
1394,0.0,229
1396,0.0,199
1400,0.0,192
1401,0.0,267
1404,0.0,224
1407,0.0,0
1408,0.0,45
1439,0.09909020678713185,299
1409,0.0,120
1662,0.04757155817969133,309
1410,0.0,107
1661,0.2937129644192114,322
1411,0.0,182
1660,0.006060750570568352,247
1412,0.0,77
2683,0.19211966300369537,342
1413,0.0,152
1658,0.01818225171170506,277
1414,0.0,139
1657,0.006060750570568352,290
1415,0.0,214
1656,0.006060750570568352,215
1416,0.0,70
2679,0.31598242148761013,349
1417,0.0,145
1654,0.01818225171170506,284
1418,0.0,132
1653,0.17393741129199056,297
1419,0.0,207
1652,0.006060750570568352,222
1420,0.0,102
1651,0.22954326525612437,327
1421,0.0,177
1650,0.006060750570568352,252
1422,0.0,164
1649,0.006060750570568352,265
1423,0.02477255169678296,239
1424,0.0,105
1647,0.11780200791334651,324
1425,0.0,180
1646,0.006060750570568352,249
1426,0.0,167
1645,0.04954510339356592,262
1427,0.02477255169678296,242
1428,0.0,137
1643,0.04954510339356592,292
1429,0.0,212
1642,0.006060750570568352,217
1430,0.0,199
1431,0.04954510339356592,274
1432,0.0,130
1639,0.13651380903956137,299
1433,0.0,205
1638,0.006060750570568352,224
1434,0.0,192
1435,0.04954510339356592,267
1436,0.0,162
1437,0.02477255169678296,237
1438,0.0,224
1440,0.0,95
1441,0.0,170
1470,0.02424300228227341,274
1442,0.0,157
1469,0.14916485959520742,287
1443,0.02477255169678296,232
1444,0.0,127
1467,0.11780200791334651,317
1445,0.0,202
1466,0.006060750570568352,242
1446,0.0,189
1447,0.04954510339356592,264
1448,0.0,120
1463,0.16734711130691257,324
1449,0.0,195
1462,0.006060750570568352,249
1450,0.0,182
1461,0.04954510339356592,262
1451,0.02477255169678296,257
1452,0.0,152
1459,0.07431765509034892,292
1453,0.02477255169678296,227
1454,0.0,214
1455,0.04954510339356592,289
1456,0.0,155
1457,0.0,230
1458,0.0,217
1460,0.0,187
1464,0.0,180
1465,0.0,255
1468,0.0,212
1471,0.0,0
1472,0.0,60
1473,0.0,135
1598,0.038937655516266545,294
1474,0.0,122
1597,0.20272711088099488,307
1475,0.0,197
1596,0.006060750570568352,232
1476,0.0,92
1595,0.2047707135593418,337
1477,0.0,167
1594,0.012121501141136705,262
1478,0.0,154
1593,0.006060750570568352,275
1479,0.02477255169678296,229
1480,0.0,85
1481,0.0,160
1590,0.012121501141136705,269
1482,0.0,147
1589,0.07431765509034892,282
1483,0.02477255169678296,222
1484,0.0,117
1587,0.11780200791334651,312
1485,0.0,192
1586,0.006060750570568352,237
1486,0.0,179
1487,0.04954510339356592,254
1488,0.0,120
1503,0.1612863607363442,314
1489,0.0,195
1502,0.012121501141136705,239
1490,0.0,182
1491,0.04954510339356592,257
1492,0.0,152
1495,0.07431765509034892,289
1493,0.02477255169678296,227
1494,0.0,214
1496,0.0,145
1497,0.0,220
1498,0.0,207
1499,0.04954510339356592,282
1500,0.0,177
1501,0.02477255169678296,252
1504,0.0,110
1567,0.16734711130691257,319
1505,0.0,185
1534,0.02424300228227341,289
1506,0.0,172
1533,0.14916485959520742,302
1507,0.02477255169678296,247
1508,0.0,142
1531,0.11780200791334651,332
1509,0.0,217
1530,0.006060750570568352,257
1510,0.0,204
1511,0.04954510339356592,279
1512,0.0,135
1513,0.0,210
1526,0.006060750570568352,264
1514,0.0,197
1525,0.04954510339356592,277
1515,0.02477255169678296,272
1516,0.0,167
1523,0.07431765509034892,307
1517,0.02477255169678296,242
1518,0.0,229
1519,0.04954510339356592,304
1520,0.0,170
1521,0.0,245
1522,0.0,232
1524,0.0,202
1528,0.0,195
1529,0.0,270
1532,0.0,227
1535,0.0,0
1536,0.0,65
1537,0.0,140
1538,0.0,127
1539,0.0,202
1540,0.0,97
1541,0.0,172
1542,0.0,159
1543,0.02477255169678296,234
1544,0.0,90
1545,0.0,165
1546,0.0,152
1547,0.0,227
1548,0.0,122
1549,0.0,197
1550,0.0,184
1551,0.02477255169678296,259
1552,0.0,125
1553,0.0,200
1554,0.0,187
1555,0.02477255169678296,262
1556,0.0,157
1557,0.02477255169678296,232
1558,0.0,219
1559,0.04954510339356592,294
1560,0.0,150
1561,0.0,225
1566,0.006060750570568352,244
1562,0.0,212
1563,0.04954510339356592,287
1564,0.0,182
1565,0.02477255169678296,257
1568,0.0,115
1569,0.0,190
1570,0.0,177
1571,0.02477255169678296,252
1572,0.0,147
1573,0.0,222
1574,0.0,209
1575,0.04954510339356592,284
1576,0.0,140
1577,0.0,215
1578,0.0,202
1579,0.02477255169678296,277
1580,0.0,172
1581,0.02477255169678296,247
1582,0.0,234
1583,0.04954510339356592,309
1584,0.0,175
1585,0.0,250
1588,0.0,207
1592,0.0,200
1599,0.0,0
1600,0.0,80
2495,0.33469422261382514,339
1601,0.0,155
1602,0.0,142
1603,0.0,217
1604,0.0,112
1605,0.0,187
1606,0.0,174
1607,0.02477255169678296,249
1608,0.0,105
1609,0.0,180
1610,0.0,167
1611,0.02477255169678296,242
1612,0.0,137
1613,0.0,212
1614,0.0,199
1615,0.04954510339356592,274
1616,0.0,140
1617,0.0,215
1630,0.012121501141136705,259
1618,0.0,202
1619,0.04954510339356592,277
1620,0.0,172
1623,0.07431765509034892,309
1621,0.02477255169678296,247
1622,0.0,234
1624,0.0,165
1625,0.0,240
1626,0.0,227
1627,0.04954510339356592,302
1628,0.0,197
1629,0.02477255169678296,272
1632,0.0,130
1633,0.0,205
1634,0.0,192
1635,0.02477255169678296,267
1636,0.0,162
1947,0.07431765509034892,302
1637,0.0,237
1640,0.0,155
1641,0.0,230
1644,0.0,187
1648,0.0,190
1655,0.0,0
1659,0.0,0
1663,0.0,0
1664,0.0,68
1665,0.0,143
1666,0.0,130
1667,0.0,205
1668,0.0,100
1669,0.0,175
1670,0.0,162
1671,0.02477255169678296,237
1672,0.0,93
1673,0.0,168
1674,0.0,155
1675,0.0,230
1676,0.0,125
1677,0.0,200
1678,0.0,187
1679,0.02477255169678296,262
1680,0.0,128
1681,0.0,203
1682,0.0,190
1683,0.02477255169678296,265
1684,0.0,160
1685,0.02477255169678296,235
1686,0.0,222
1687,0.04954510339356592,297
1688,0.0,153
1689,0.0,228
1694,0.006060750570568352,247
1690,0.0,215
1691,0.04954510339356592,290
1692,0.0,185
1693,0.02477255169678296,260
1696,0.0,118
1697,0.0,193
1698,0.0,180
1699,0.02477255169678296,255
1700,0.0,150
1701,0.0,225
1702,0.0,212
1703,0.04954510339356592,287
1704,0.0,143
1705,0.0,218
1706,0.0,205
1707,0.02477255169678296,280
1708,0.0,175
1709,0.02477255169678296,250
1712,0.0,178
1716,0.0,210
1720,0.0,203
1727,0.0,0
1728,0.0,83
1729,0.0,158
1730,0.0,145
1731,0.0,220
1732,0.0,115
1733,0.0,190
1734,0.0,177
1735,0.02477255169678296,252
1736,0.0,108
1737,0.0,183
1738,0.0,170
1739,0.02477255169678296,245
1740,0.0,140
1741,0.0,215
1742,0.0,202
1743,0.04954510339356592,277
1744,0.0,143
1745,0.0,218
1758,0.012121501141136705,262
1746,0.0,205
1747,0.04954510339356592,280
1748,0.0,175
1751,0.07431765509034892,312
1749,0.02477255169678296,250
1750,0.0,237
1752,0.0,168
1753,0.0,243
1754,0.0,230
1755,0.07431765509034892,305
1756,0.0,200
1757,0.02477255169678296,275
1760,0.0,133
1761,0.0,208
1762,0.0,195
1763,0.02477255169678296,270
1764,0.0,165
1765,0.0,240
1768,0.0,158
1769,0.0,233
1772,0.0,190
1776,0.0,193
1783,0.0,0
1787,0.0,0
1791,0.0,0
1792,0.0,77
2303,0.3099216709170422,342
1793,0.0,152
1794,0.0,139
1795,0.0,214
1796,0.0,109
1797,0.0,184
1798,0.0,171
1799,0.02477255169678296,246
1800,0.0,102
1801,0.0,177
1802,0.0,164
1803,0.02477255169678296,239
1804,0.0,134
1805,0.0,209
1806,0.0,196
1807,0.02477255169678296,271
1808,0.0,137
1809,0.0,212
1810,0.0,199
1811,0.02477255169678296,274
1812,0.0,169
1813,0.02477255169678296,244
1814,0.0,231
1815,0.04954510339356592,306
1816,0.0,162
1817,0.0,237
1822,0.006060750570568352,256
1818,0.0,224
1819,0.04954510339356592,299
1820,0.0,194
1821,0.02477255169678296,269
1824,0.0,127
1825,0.0,202
1826,0.0,189
1827,0.02477255169678296,264
1828,0.0,159
1829,0.0,234
1830,0.0,221
1831,0.04954510339356592,296
1832,0.0,152
1833,0.0,227
1834,0.0,214
1836,0.0,184
1840,0.0,187
1847,0.0,0
1848,0.0,212
1855,0.0,0
1856,0.0,92
1857,0.0,167
1858,0.0,154
1859,0.0,229
1860,0.0,124
1861,0.0,199
1862,0.0,186
1863,0.02477255169678296,261
1864,0.0,117
1865,0.0,192
1866,0.0,179
1867,0.02477255169678296,254
1868,0.0,149
1869,0.0,224
1870,0.0,211
1871,0.04954510339356592,286
1872,0.0,152
1873,0.0,227
1874,0.0,214
1876,0.0,184
1880,0.0,177
1884,0.0,209
1887,0.0,0
1888,0.0,142
1889,0.0,217
1890,0.0,204
1891,0.02477255169678296,279
1892,0.0,174
1893,0.0,249
1896,0.0,167
1897,0.0,242
1900,0.0,199
1904,0.0,202
1911,0.0,0
1915,0.0,0
1919,0.0,0
1920,0.0,80
2175,0.2851491192202594,339
1921,0.0,155
1922,0.0,142
1923,0.0,217
1924,0.0,112
1925,0.0,187
1926,0.0,174
1927,0.02477255169678296,249
1928,0.0,105
1929,0.0,180
1930,0.0,167
1931,0.02477255169678296,242
1932,0.0,137
1933,0.0,212
1934,0.0,199
1935,0.02477255169678296,274
1936,0.0,140
1937,0.0,215
1938,0.0,202
1939,0.02477255169678296,277
1940,0.0,172
1943,0.07431765509034892,309
1941,0.02477255169678296,247
1942,0.0,234
1944,0.0,165
1945,0.0,240
1950,0.006060750570568352,259
1946,0.0,227
1948,0.0,197
1949,0.02477255169678296,272
1952,0.0,130
1953,0.0,205
1954,0.0,192
1955,0.02477255169678296,267
1956,0.0,162
1957,0.0,237
1960,0.0,155
1961,0.0,230
1964,0.0,187
1968,0.0,190
1975,0.0,0
1979,0.0,0
1983,0.0,0
1984,0.0,95
1985,0.0,170
1986,0.0,157
1987,0.0,232
1988,0.0,127
1989,0.0,202
1990,0.0,189
1991,0.02477255169678296,264
1992,0.0,120
1993,0.0,195
1994,0.0,182
1995,0.02477255169678296,257
1996,0.0,152
1997,0.0,227
1998,0.0,214
1999,0.04954510339356592,289
2000,0.0,155
2001,0.0,230
2004,0.0,187
2008,0.0,180
2012,0.0,212
2015,0.0,0
2016,0.0,145
2017,0.0,220
2018,0.0,207
2019,0.02477255169678296,282
2020,0.0,177
2024,0.0,170
2025,0.0,245
2028,0.0,202
2032,0.0,205
2039,0.0,0
2043,0.0,0
2045,0.0,0
2047,0.0,0
2048,0.0,20
2049,0.0,95
2050,0.0,82
2051,0.0,157
2052,0.0,52
2555,0.1425745596101297,322
2053,0.0,127
2054,0.0,114
2055,0.0,189
2056,0.0,45
2551,0.24166476639726142,329
2057,0.0,120
2058,0.0,107
2059,0.0,182
2060,0.0,77
2061,0.0,152
2062,0.0,139
2063,0.0,214
2064,0.0,80
2065,0.0,155
2066,0.0,142
2067,0.0,217
2068,0.0,112
2069,0.0,187
2070,0.0,174
2071,0.02477255169678296,249
2072,0.0,105
2073,0.0,180
2074,0.0,167
2075,0.02477255169678296,242
2076,0.0,137
2077,0.0,212
2078,0.0,199
2079,0.04954510339356592,274
2080,0.0,70
2081,0.0,145
2082,0.0,132
2083,0.0,207
2084,0.0,102
2085,0.0,177
2086,0.0,164
2087,0.02477255169678296,239
2088,0.0,95
2089,0.0,170
2090,0.0,157
2091,0.02477255169678296,232
2092,0.0,127
2093,0.0,202
2094,0.0,189
2095,0.04954510339356592,264
2096,0.0,130
2111,0.1612863607363442,324
2097,0.0,205
2110,0.012121501141136705,249
2098,0.0,192
2099,0.04954510339356592,267
2100,0.0,162
2103,0.07431765509034892,299
2101,0.02477255169678296,237
2102,0.0,224
2104,0.0,155
2105,0.0,230
2106,0.0,217
2107,0.04954510339356592,292
2108,0.0,187
2109,0.02477255169678296,262
2112,0.0,35
2113,0.0,110
2114,0.0,97
2115,0.0,172
2116,0.0,67
2117,0.0,142
2118,0.0,129
2119,0.0,204
2120,0.0,60
2121,0.0,135
2122,0.0,122
2123,0.0,197
2124,0.0,92
2125,0.0,167
2126,0.0,154
2127,0.02477255169678296,229
2128,0.0,95
2129,0.0,170
2130,0.0,157
2131,0.02477255169678296,232
2132,0.0,127
2133,0.0,202
2134,0.0,189
2135,0.04954510339356592,264
2136,0.0,120
2137,0.0,195
2138,0.0,182
2139,0.02477255169678296,257
2140,0.0,152
2143,0.07431765509034892,289
2141,0.02477255169678296,227
2142,0.0,214
2144,0.0,85
2145,0.0,160
2146,0.0,147
2147,0.02477255169678296,222
2148,0.0,117
2149,0.0,192
2150,0.0,179
2151,0.02477255169678296,254
2152,0.0,110
2153,0.0,185
2154,0.0,172
2155,0.02477255169678296,247
2156,0.0,142
2157,0.0,217
2158,0.0,204
2159,0.04954510339356592,279
2160,0.0,145
2161,0.0,220
2174,0.012121501141136705,264
2162,0.0,207
2163,0.04954510339356592,282
2164,0.0,177
2167,0.07431765509034892,314
2165,0.02477255169678296,252
2166,0.0,239
2168,0.0,170
2169,0.0,245
2170,0.0,232
2171,0.04954510339356592,307
2172,0.0,202
2173,0.02477255169678296,277
2176,0.0,23
2177,0.0,98
2178,0.0,85
2179,0.0,160
2180,0.0,55
2427,0.1425745596101297,319
2181,0.0,130
2182,0.0,117
2183,0.0,192
2184,0.0,48
2423,0.21689221470047845,326
2185,0.0,123
2186,0.0,110
2187,0.0,185
2188,0.0,80
2189,0.0,155
2190,0.0,142
2191,0.0,217
2192,0.0,83
2193,0.0,158
2194,0.0,145
2195,0.02477255169678296,220
2196,0.0,115
2197,0.0,190
2198,0.0,177
2199,0.02477255169678296,252
2200,0.0,108
2201,0.0,183
2202,0.0,170
2203,0.02477255169678296,245
2204,0.0,140
2205,0.0,215
2206,0.0,202
2207,0.04954510339356592,277
2208,0.0,73
2911,0.2603765675234761,336
2209,0.0,148
2210,0.0,135
2211,0.0,210
2212,0.0,105
2213,0.0,180
2214,0.0,167
2215,0.02477255169678296,242
2216,0.0,98
2217,0.0,173
2218,0.0,160
2219,0.02477255169678296,235
2220,0.0,130
2221,0.0,205
2222,0.0,192
2223,0.04954510339356592,267
2224,0.0,133
2239,0.18605891243312722,327
2225,0.0,208
2238,0.012121501141136705,252
2226,0.0,195
2227,0.04954510339356592,270
2228,0.0,165
2231,0.07431765509034892,302
2229,0.02477255169678296,240
2230,0.0,227
2232,0.0,158
2233,0.0,233
2234,0.0,220
2235,0.04954510339356592,295
2236,0.0,190
2237,0.02477255169678296,265
2240,0.0,38
2241,0.0,113
2242,0.0,100
2243,0.0,175
2244,0.0,70
2245,0.0,145
2246,0.0,132
2247,0.0,207
2248,0.0,63
2249,0.0,138
2250,0.0,125
2251,0.0,200
2252,0.0,95
2253,0.0,170
2254,0.0,157
2255,0.02477255169678296,232
2256,0.0,98
2257,0.0,173
2258,0.0,160
2259,0.02477255169678296,235
2260,0.0,130
2261,0.0,205
2262,0.0,192
2263,0.04954510339356592,267
2264,0.0,123
2265,0.0,198
2266,0.0,185
2267,0.04954510339356592,260
2268,0.0,155
2271,0.07431765509034892,292
2269,0.02477255169678296,230
2270,0.0,217
2272,0.0,88
2273,0.0,163
2274,0.0,150
2275,0.02477255169678296,225
2276,0.0,120
2277,0.0,195
2278,0.0,182
2279,0.02477255169678296,257
2280,0.0,113
2281,0.0,188
2282,0.0,175
2283,0.02477255169678296,250
2284,0.0,145
2285,0.02477255169678296,220
2286,0.0,207
2287,0.04954510339356592,282
2288,0.0,148
2289,0.0,223
2302,0.012121501141136705,267
2290,0.0,210
2291,0.04954510339356592,285
2292,0.0,180
2295,0.07431765509034892,317
2293,0.02477255169678296,255
2294,0.0,242
2296,0.0,173
2297,0.0,248
2298,0.0,235
2299,0.04954510339356592,310
2300,0.0,205
2301,0.02477255169678296,280
2304,0.0,32
2305,0.0,107
2306,0.0,94
2307,0.0,169
2308,0.0,64
2309,0.0,139
2310,0.0,126
2311,0.0,201
2312,0.0,57
2313,0.0,132
2314,0.0,119
2315,0.0,194
2316,0.0,89
2317,0.0,164
2318,0.0,151
2319,0.02477255169678296,226
2320,0.0,92
2321,0.0,167
2322,0.0,154
2323,0.02477255169678296,229
2324,0.0,124
2325,0.0,199
2326,0.0,186
2327,0.04954510339356592,261
2328,0.0,117
2329,0.0,192
2330,0.0,179
2331,0.02477255169678296,254
2332,0.0,149
2333,0.02477255169678296,224
2334,0.0,211
2335,0.04954510339356592,286
2336,0.0,82
2337,0.0,157
2338,0.0,144
2339,0.0,219
2340,0.0,114
2341,0.0,189
2342,0.0,176
2343,0.02477255169678296,251
2344,0.0,107
2345,0.0,182
2346,0.0,169
2347,0.02477255169678296,244
2348,0.0,139
2349,0.0,214
2350,0.0,201
2351,0.04954510339356592,276
2352,0.0,142
2367,0.21083146412991022,336
2353,0.0,217
2366,0.012121501141136705,261
2354,0.0,204
2355,0.04954510339356592,279
2356,0.0,174
2359,0.07431765509034892,311
2357,0.02477255169678296,249
2358,0.0,236
2360,0.0,167
2361,0.0,242
2362,0.0,229
2363,0.04954510339356592,304
2364,0.0,199
2365,0.02477255169678296,274
2368,0.0,47
2369,0.0,122
2370,0.0,109
2371,0.0,184
2372,0.0,79
2373,0.0,154
2374,0.0,141
2375,0.0,216
2376,0.0,72
2377,0.0,147
2378,0.0,134
2379,0.0,209
2380,0.0,104
2381,0.0,179
2382,0.0,166
2383,0.02477255169678296,241
2384,0.0,107
2385,0.0,182
2386,0.0,169
2387,0.02477255169678296,244
2388,0.0,139
2389,0.0,214
2390,0.0,201
2391,0.04954510339356592,276
2392,0.0,132
2393,0.0,207
2394,0.0,194
2395,0.04954510339356592,269
2396,0.0,164
2399,0.07431765509034892,301
2397,0.02477255169678296,239
2398,0.0,226
2400,0.0,97
2401,0.0,172
2430,0.02424300228227341,276
2402,0.0,159
2429,0.14916485959520742,289
2403,0.02477255169678296,234
2404,0.0,129
2405,0.0,204
2426,0.006060750570568352,244
2406,0.0,191
2407,0.04954510339356592,266
2408,0.0,122
2409,0.0,197
2422,0.006060750570568352,251
2410,0.0,184
2421,0.04954510339356592,264
2411,0.02477255169678296,259
2412,0.0,154
2419,0.07431765509034892,294
2413,0.02477255169678296,229
2414,0.0,216
2415,0.04954510339356592,291
2416,0.0,157
2417,0.0,232
2418,0.0,219
2420,0.0,189
2424,0.0,182
2425,0.0,257
2428,0.0,214
2431,0.0,0
2432,0.0,35
2433,0.0,110
2434,0.0,97
2435,0.0,172
2436,0.0,67
2437,0.0,142
2438,0.0,129
2439,0.0,204
2440,0.0,60
2441,0.0,135
2442,0.0,122
2443,0.0,197
2444,0.0,92
2445,0.0,167
2446,0.0,154
2447,0.02477255169678296,229
2448,0.0,95
2449,0.0,170
2450,0.0,157
2451,0.02477255169678296,232
2452,0.0,127
2453,0.0,202
2454,0.0,189
2455,0.04954510339356592,264
2456,0.0,120
2457,0.0,195
2458,0.0,182
2459,0.02477255169678296,257
2460,0.0,152
2463,0.07431765509034892,289
2461,0.02477255169678296,227
2462,0.0,214
2464,0.0,85
2465,0.0,160
2466,0.0,147
2467,0.02477255169678296,222
2468,0.0,117
2469,0.0,192
2470,0.0,179
2471,0.02477255169678296,254
2472,0.0,110
2473,0.0,185
2474,0.0,172
2475,0.02477255169678296,247
2476,0.0,142
2477,0.0,217
2478,0.0,204
2479,0.04954510339356592,279
2480,0.0,145
2481,0.0,220
2494,0.012121501141136705,264
2482,0.0,207
2483,0.04954510339356592,282
2484,0.0,177
2487,0.07431765509034892,314
2485,0.02477255169678296,252
2486,0.0,239
2488,0.0,170
2489,0.0,245
2490,0.0,232
2491,0.04954510339356592,307
2492,0.0,202
2493,0.02477255169678296,277
2496,0.0,50
2497,0.0,125
2498,0.0,112
2499,0.0,187
2500,0.0,82
2501,0.0,157
2502,0.0,144
2503,0.0,219
2504,0.0,75
2505,0.0,150
2506,0.0,137
2507,0.0,212
2508,0.0,107
2509,0.0,182
2510,0.0,169
2511,0.02477255169678296,244
2512,0.0,110
2513,0.0,185
2514,0.0,172
2515,0.02477255169678296,247
2516,0.0,142
2517,0.0,217
2518,0.0,204
2519,0.04954510339356592,279
2520,0.0,135
2521,0.0,210
2522,0.0,197
2523,0.04954510339356592,272
2524,0.0,167
2527,0.07431765509034892,304
2525,0.02477255169678296,242
2526,0.0,229
2528,0.0,100
2529,0.0,175
2558,0.02424300228227341,279
2530,0.0,162
2557,0.14916485959520742,292
2531,0.02477255169678296,237
2532,0.0,132
2533,0.0,207
2554,0.006060750570568352,247
2534,0.0,194
2535,0.04954510339356592,269
2536,0.0,125
2537,0.0,200
2550,0.006060750570568352,254
2538,0.0,187
2549,0.04954510339356592,267
2539,0.02477255169678296,262
2540,0.0,157
2547,0.07431765509034892,297
2541,0.02477255169678296,232
2542,0.0,219
2543,0.04954510339356592,294
2544,0.0,160
2545,0.0,235
2546,0.0,222
2548,0.0,192
2552,0.0,185
2553,0.0,260
2556,0.0,217
2559,0.0,0
2560,0.0,55
2591,0.1425745596101297,309
2561,0.0,130
3070,0.10892332320852016,314
2562,0.0,117
2563,0.0,192
3068,0.02424300228227341,252
2564,0.0,87
2565,0.0,162
3066,0.03636450342341012,282
2566,0.0,149
3065,0.02424300228227341,295
2567,0.02477255169678296,224
2568,0.0,80
2569,0.0,155
3062,0.03636450342341012,289
2570,0.0,142
3061,0.28567866863476854,302
2571,0.0,217
3060,0.006060750570568352,227
2572,0.0,112
3059,0.44090427880054456,332
2573,0.0,187
3058,0.02424300228227341,257
2574,0.0,174
3057,0.01818225171170506,270
2575,0.02477255169678296,249
2576,0.0,115
3055,0.22954326525612462,329
2577,0.0,190
3054,0.01818225171170506,254
2578,0.0,177
3053,0.09909020678713185,267
2579,0.02477255169678296,252
2580,0.0,147
3051,0.07431765509034892,297
2581,0.02477255169678296,222
2582,0.0,209
2583,0.04954510339356592,284
2584,0.0,140
2585,0.0,215
2590,0.006060750570568352,234
2586,0.0,202
2587,0.04954510339356592,277
2588,0.0,172
2589,0.02477255169678296,247
2592,0.0,105
2593,0.0,180
2622,0.02424300228227341,284
2594,0.0,167
2621,0.14916485959520742,297
2595,0.02477255169678296,242
2596,0.0,137
2619,0.11780200791334651,327
2597,0.0,212
2618,0.006060750570568352,252
2598,0.0,199
2599,0.04954510339356592,274
2600,0.0,130
2615,0.16734711130691257,334
2601,0.0,205
2614,0.006060750570568352,259
2602,0.0,192
2613,0.04954510339356592,272
2603,0.02477255169678296,267
2604,0.0,162
2611,0.07431765509034892,302
2605,0.02477255169678296,237
2606,0.0,224
2607,0.04954510339356592,299
2608,0.0,165
2609,0.0,240
2610,0.0,227
2612,0.0,197
2616,0.0,190
2617,0.0,265
2620,0.0,222
2623,0.0,0
2624,0.0,70
2625,0.0,145
3006,0.038937655516266545,299
2626,0.0,132
3005,0.20272711088099488,312
2627,0.0,207
3004,0.006060750570568352,237
2628,0.0,102
2629,0.0,177
3002,0.012121501141136705,267
2630,0.0,164
3001,0.006060750570568352,280
2631,0.02477255169678296,239
2632,0.0,95
2633,0.0,170
2998,0.012121501141136705,274
2634,0.0,157
2997,0.07431765509034892,287
2635,0.02477255169678296,232
2636,0.0,127
2995,0.11780200791334651,317
2637,0.0,202
2994,0.006060750570568352,242
2638,0.0,189
2639,0.04954510339356592,264
2640,0.0,130
2655,0.1612863607363442,324
2641,0.0,205
2654,0.012121501141136705,249
2642,0.0,192
2643,0.04954510339356592,267
2644,0.0,162
2647,0.07431765509034892,299
2645,0.02477255169678296,237
2646,0.0,224
2648,0.0,155
2649,0.0,230
2650,0.0,217
2651,0.04954510339356592,292
2652,0.0,187
2653,0.02477255169678296,262
2656,0.0,120
2975,0.16734711130691257,324
2657,0.0,195
2686,0.02424300228227341,299
2658,0.0,182
2685,0.14916485959520742,312
2659,0.02477255169678296,257
2660,0.0,152
2661,0.0,227
2682,0.006060750570568352,267
2662,0.0,214
2663,0.04954510339356592,289
2664,0.0,145
2665,0.0,220
2678,0.006060750570568352,274
2666,0.0,207
2677,0.04954510339356592,287
2667,0.02477255169678296,282
2668,0.0,177
2675,0.07431765509034892,317
2669,0.02477255169678296,252
2670,0.0,239
2671,0.04954510339356592,314
2672,0.0,180
2673,0.0,255
2674,0.0,242
2676,0.0,212
2680,0.0,205
2681,0.0,280
2684,0.0,237
2687,0.0,0
2688,0.0,58
2719,0.1425745596101297,312
2689,0.0,133
2942,0.06226621141368444,311
2690,0.0,120
2941,0.39075956852799665,324
2691,0.0,195
2940,0.012121501141136705,249
2692,0.0,90
2693,0.0,165
2938,0.02424300228227341,279
2694,0.0,152
2937,0.012121501141136705,292
2695,0.02477255169678296,227
2696,0.0,83
2697,0.0,158
2934,0.02424300228227341,286
2698,0.0,145
2933,0.19870996298877341,299
2699,0.0,220
2932,0.006060750570568352,224
2700,0.0,115
2931,0.291739419205337,329
2701,0.0,190
2930,0.012121501141136705,254
2702,0.0,177
2929,0.006060750570568352,267
2703,0.02477255169678296,252
2704,0.0,118
2927,0.11780200791334651,326
2705,0.0,193
2926,0.006060750570568352,251
2706,0.0,180
2925,0.04954510339356592,264
2707,0.02477255169678296,255
2708,0.0,150
2923,0.04954510339356592,294
2709,0.02477255169678296,225
2710,0.0,212
2711,0.04954510339356592,287
2712,0.0,143
2713,0.0,218
2718,0.006060750570568352,237
2714,0.0,205
2715,0.04954510339356592,280
2716,0.0,175
2717,0.02477255169678296,250
2720,0.0,108
2721,0.0,183
2750,0.02424300228227341,287
2722,0.0,170
2749,0.14916485959520742,300
2723,0.02477255169678296,245
2724,0.0,140
2747,0.11780200791334651,330
2725,0.0,215
2746,0.006060750570568352,255
2726,0.0,202
2727,0.04954510339356592,277
2728,0.0,133
2743,0.16734711130691257,337
2729,0.0,208
2742,0.006060750570568352,262
2730,0.0,195
2741,0.04954510339356592,275
2731,0.02477255169678296,270
2732,0.0,165
2739,0.07431765509034892,305
2733,0.02477255169678296,240
2734,0.0,227
2735,0.04954510339356592,302
2736,0.0,168
2737,0.0,243
2738,0.0,230
2740,0.0,200
2744,0.0,193
2745,0.0,268
2748,0.0,225
2751,0.0,0
2752,0.0,73
2753,0.0,148
2814,0.038937655516266545,302
2754,0.0,135
2813,0.20272711088099488,315
2755,0.0,210
2812,0.006060750570568352,240
2756,0.0,105
2757,0.0,180
2810,0.012121501141136705,270
2758,0.0,167
2809,0.006060750570568352,283
2759,0.02477255169678296,242
2760,0.0,98
2761,0.0,173
2806,0.01818225171170506,277
2762,0.0,160
2805,0.15522561016577574,290
2763,0.02477255169678296,235
2764,0.0,130
2803,0.1425745596101297,320
2765,0.0,205
2802,0.006060750570568352,245
2766,0.0,192
2767,0.04954510339356592,267
2768,0.0,133
2783,0.18605891243312722,327
2769,0.0,208
2782,0.012121501141136705,252
2770,0.0,195
2771,0.04954510339356592,270
2772,0.0,165
2775,0.07431765509034892,302
2773,0.02477255169678296,240
2774,0.0,227
2776,0.0,158
2777,0.0,233
2778,0.0,220
2779,0.04954510339356592,295
2780,0.0,190
2781,0.02477255169678296,265
2784,0.0,123
2785,0.0,198
2786,0.0,185
2787,0.02477255169678296,260
2788,0.0,155
2789,0.0,230
2790,0.0,217
2791,0.04954510339356592,292
2792,0.0,148
2799,0.07431765509034892,317
2793,0.0,223
2794,0.0,210
2795,0.02477255169678296,285
2796,0.0,180
2797,0.02477255169678296,255
2798,0.0,242
2800,0.0,183
2801,0.0,258
2804,0.0,215
2807,0.0,0
2808,0.0,208
2815,0.0,0
2816,0.0,67
2817,0.0,142
2818,0.0,129
2819,0.0,204
2820,0.0,99
2821,0.0,174
2822,0.0,161
2823,0.02477255169678296,236
2824,0.0,92
2825,0.0,167
2826,0.0,154
2827,0.02477255169678296,229
2828,0.0,124
2829,0.0,199
2830,0.0,186
2831,0.02477255169678296,261
2832,0.0,127
2833,0.0,202
2834,0.0,189
2835,0.02477255169678296,264
2836,0.0,159
2837,0.02477255169678296,234
2838,0.0,221
2839,0.04954510339356592,296
2840,0.0,152
2847,0.11780200791334651,321
2841,0.0,227
2846,0.006060750570568352,246
2842,0.0,214
2843,0.04954510339356592,289
2844,0.0,184
2845,0.02477255169678296,259
2848,0.0,117
2849,0.0,192
2878,0.02424300228227341,296
2850,0.0,179
2877,0.14916485959520742,309
2851,0.02477255169678296,254
2852,0.0,149
2875,0.11780200791334651,339
2853,0.0,224
2874,0.006060750570568352,264
2854,0.0,211
2855,0.04954510339356592,286
2856,0.0,142
2857,0.0,217
2870,0.006060750570568352,271
2858,0.0,204
2869,0.04954510339356592,284
2859,0.02477255169678296,279
2860,0.0,174
2867,0.07431765509034892,314
2861,0.02477255169678296,249
2862,0.0,236
2863,0.04954510339356592,311
2864,0.0,177
2865,0.0,252
2866,0.0,239
2868,0.0,209
2872,0.0,202
2873,0.0,277
2876,0.0,234
2879,0.0,0
2880,0.0,82
2881,0.0,157
2882,0.0,144
2883,0.0,219
2884,0.0,114
2885,0.0,189
2886,0.0,176
2887,0.02477255169678296,251
2888,0.0,107
2889,0.0,182
2890,0.0,169
2891,0.02477255169678296,244
2892,0.0,139
2893,0.0,214
2894,0.0,201
2895,0.04954510339356592,276
2896,0.0,142
2897,0.0,217
2910,0.012121501141136705,261
2898,0.0,204
2899,0.04954510339356592,279
2900,0.0,174
2903,0.07431765509034892,311
2901,0.02477255169678296,249
2902,0.0,236
2904,0.0,167
2905,0.0,242
2906,0.0,229
2907,0.07431765509034892,304
2908,0.0,199
2909,0.02477255169678296,274
2912,0.0,132
2913,0.0,207
2914,0.0,194
2915,0.02477255169678296,269
2916,0.0,164
2917,0.0,239
2918,0.0,226
2919,0.07431765509034892,301
2920,0.0,157
2921,0.0,232
2922,0.0,219
2924,0.0,189
2928,0.0,192
2935,0.0,0
2936,0.0,217
2939,0.0,0
2943,0.0,0
2944,0.0,70
2945,0.0,145
2946,0.0,132
2947,0.0,207
2948,0.0,102
2949,0.0,177
2950,0.0,164
2951,0.02477255169678296,239
2952,0.0,95
2953,0.0,170
2954,0.0,157
2955,0.02477255169678296,232
2956,0.0,127
2957,0.0,202
2958,0.0,189
2959,0.02477255169678296,264
2960,0.0,130
2961,0.0,205
2962,0.0,192
2963,0.02477255169678296,267
2964,0.0,162
2967,0.07431765509034892,299
2965,0.02477255169678296,237
2966,0.0,224
2968,0.0,155
2969,0.0,230
2974,0.006060750570568352,249
2970,0.0,217
2971,0.04954510339356592,292
2972,0.0,187
2973,0.02477255169678296,262
2976,0.0,120
2977,0.0,195
2978,0.0,182
2979,0.02477255169678296,257
2980,0.0,152
2981,0.0,227
2982,0.0,214
2983,0.04954510339356592,289
2984,0.0,145
2985,0.0,220
2986,0.0,207
2987,0.02477255169678296,282
2988,0.0,177
2989,0.02477255169678296,252
2990,0.0,239
2991,0.04954510339356592,314
2992,0.0,180
2993,0.0,255
2996,0.0,212
3000,0.0,205
3007,0.0,0
3008,0.0,85
3009,0.0,160
3010,0.0,147
3011,0.0,222
3012,0.0,117
3013,0.0,192
3014,0.0,179
3015,0.02477255169678296,254
3016,0.0,110
3017,0.0,185
3018,0.0,172
3019,0.02477255169678296,247
3020,0.0,142
3021,0.0,217
3022,0.0,204
3023,0.04954510339356592,279
3024,0.0,145
3025,0.0,220
3038,0.012121501141136705,264
3026,0.0,207
3027,0.04954510339356592,282
3028,0.0,177
3031,0.07431765509034892,314
3029,0.02477255169678296,252
3030,0.0,239
3032,0.0,170
3033,0.0,245
3034,0.0,232
3035,0.07431765509034892,307
3036,0.0,202
3037,0.02477255169678296,277
3040,0.0,135
3041,0.0,210
3042,0.0,197
3043,0.02477255169678296,272
3044,0.0,167
3045,0.0,242
3046,0.0,229
3047,0.07431765509034892,304
3048,0.0,160
3049,0.0,235
3050,0.0,222
3052,0.0,192
3056,0.0,195
3063,0.0,0
3064,0.0,220
3067,0.0,0
3071,0.0,0
3072,0.0,50
3073,0.0,125
3074,0.0,112
3075,0.0,187
3076,0.0,82
3077,0.0,157
3078,0.0,144
3079,0.0,219
3080,0.0,75
3081,0.0,150
3082,0.0,137
3083,0.0,212
3084,0.0,107
3085,0.0,182
3086,0.0,169
3087,0.02477255169678296,244
3088,0.0,110
3089,0.0,185
3090,0.0,172
3091,0.02477255169678296,247
3092,0.0,142
3093,0.0,217
3094,0.0,204
3095,0.04954510339356592,279
3096,0.0,135
3097,0.0,210
3098,0.0,197
3099,0.02477255169678296,272
3100,0.0,167
3103,0.07431765509034892,304
3101,0.02477255169678296,242
3102,0.0,229
3104,0.0,100
3105,0.0,175
3106,0.0,162
3107,0.02477255169678296,237
3108,0.0,132
3109,0.0,207
3110,0.0,194
3111,0.02477255169678296,269
3112,0.0,125
3113,0.0,200
3114,0.0,187
3115,0.02477255169678296,262
3116,0.0,157
3117,0.0,232
3118,0.0,219
3119,0.04954510339356592,294
3120,0.0,160
3121,0.0,235
3134,0.012121501141136705,279
3122,0.0,222
3123,0.04954510339356592,297
3124,0.0,192
3125,0.02477255169678296,267
3126,0.0,254
3128,0.0,185
3129,0.0,260
3130,0.0,247
3131,0.04954510339356592,322
3132,0.0,217
3133,0.02477255169678296,292
3136,0.0,65
3137,0.0,140
3138,0.0,127
3139,0.0,202
3140,0.0,97
3141,0.0,172
3142,0.0,159
3143,0.0,234
3144,0.0,90
3145,0.0,165
3146,0.0,152
3147,0.0,227
3148,0.0,122
3149,0.0,197
3150,0.0,184
3151,0.02477255169678296,259
3152,0.0,125
3153,0.0,200
3154,0.0,187
3155,0.02477255169678296,262
3156,0.0,157
3157,0.0,232
3158,0.0,219
3159,0.04954510339356592,294
3160,0.0,150
3161,0.0,225
3162,0.0,212
3163,0.04954510339356592,287
3164,0.0,182
3165,0.02477255169678296,257
3166,0.0,244
3168,0.0,115
3169,0.0,190
3170,0.0,177
3171,0.02477255169678296,252
3172,0.0,147
3173,0.0,222
3174,0.0,209
3175,0.04954510339356592,284
3176,0.0,140
3177,0.0,215
3178,0.0,202
3179,0.02477255169678296,277
3180,0.0,172
3184,0.0,175
3188,0.0,207
3192,0.0,200
3199,0.0,0
3200,0.0,53
3231,0.09909020678713185,307
3201,0.0,128
3202,0.0,115
3203,0.0,190
3204,0.0,85
3205,0.0,160
3206,0.0,147
3207,0.0,222
3208,0.0,78
3209,0.0,153
3210,0.0,140
3211,0.0,215
3212,0.0,110
3213,0.0,185
3214,0.0,172
3215,0.02477255169678296,247
3216,0.0,113
3217,0.0,188
3218,0.0,175
3219,0.02477255169678296,250
3220,0.0,145
3221,0.0,220
3222,0.0,207
3223,0.04954510339356592,282
3224,0.0,138
3225,0.0,213
3226,0.0,200
3227,0.04954510339356592,275
3228,0.0,170
3229,0.02477255169678296,245
3230,0.0,232
3232,0.0,103
3233,0.0,178
3234,0.0,165
3235,0.02477255169678296,240
3236,0.0,135
3237,0.0,210
3238,0.0,197
3239,0.02477255169678296,272
3240,0.0,128
3241,0.0,203
3242,0.0,190
3243,0.02477255169678296,265
3244,0.0,160
3245,0.02477255169678296,235
3246,0.0,222
3247,0.04954510339356592,297
3248,0.0,163
3249,0.0,238
3262,0.01818225171170506,282
3250,0.0,225
3251,0.04954510339356592,300
3252,0.0,195
3253,0.02477255169678296,270
3254,0.0,257
3256,0.0,188
3257,0.0,263
3258,0.0,250
3259,0.07431765509034892,325
3260,0.0,220
3261,0.1056805067722098,295
3263,0.0,0
3264,0.0,68
3265,0.0,143
3266,0.0,130
3267,0.0,205
3268,0.0,100
3269,0.0,175
3270,0.0,162
3271,0.02477255169678296,237
3272,0.0,93
3273,0.0,168
3274,0.0,155
3275,0.0,230
3276,0.0,125
3277,0.0,200
3278,0.0,187
3279,0.02477255169678296,262
3280,0.0,128
3281,0.0,203
3282,0.0,190
3283,0.02477255169678296,265
3284,0.0,160
3285,0.02477255169678296,235
3286,0.0,222
3287,0.04954510339356592,297
3288,0.0,153
3289,0.0,228
3294,0.006060750570568352,247
3290,0.0,215
3291,0.04954510339356592,290
3292,0.0,185
3293,0.02477255169678296,260
3296,0.0,118
3297,0.0,193
3298,0.0,180
3299,0.02477255169678296,255
3300,0.0,150
3301,0.0,225
3302,0.0,212
3303,0.04954510339356592,287
3304,0.0,143
3305,0.0,218
3306,0.0,205
3308,0.0,175
3312,0.0,178
3320,0.0,203
3327,0.0,0
3328,0.0,62
3329,0.0,137
3330,0.0,124
3331,0.0,199
3332,0.0,94
3333,0.0,169
3334,0.0,156
3335,0.0,231
3336,0.0,87
3337,0.0,162
3338,0.0,149
3339,0.0,224
3340,0.0,119
3341,0.0,194
3342,0.0,181
3343,0.02477255169678296,256
3344,0.0,122
3345,0.0,197
3346,0.0,184
3347,0.02477255169678296,259
3348,0.0,154
3349,0.0,229
3350,0.0,216
3351,0.04954510339356592,291
3352,0.0,147
3353,0.0,222
3354,0.0,209
3355,0.04954510339356592,284
3356,0.0,179
3357,0.02477255169678296,254
3358,0.0,241
3360,0.0,112
3551,0.21083146412991022,334
3361,0.0,187
3362,0.0,174
3363,0.02477255169678296,249
3364,0.0,144
3365,0.0,219
3366,0.0,206
3367,0.04954510339356592,281
3368,0.0,137
3369,0.0,212
3370,0.0,199
3371,0.02477255169678296,274
3372,0.0,169
3373,0.02477255169678296,244
3374,0.0,231
3375,0.04954510339356592,306
3376,0.0,172
3380,0.0,204
3384,0.0,197
3391,0.0,0
3392,0.0,77
3393,0.0,152
3394,0.0,139
3395,0.0,214
3396,0.0,109
3397,0.0,184
3398,0.0,171
3399,0.02477255169678296,246
3400,0.0,102
3401,0.0,177
3402,0.0,164
3403,0.02477255169678296,239
3404,0.0,134
3405,0.0,209
3406,0.0,196
3407,0.02477255169678296,271
3408,0.0,137
3409,0.0,212
3410,0.0,199
3411,0.04954510339356592,274
3412,0.0,169
3415,0.07431765509034892,306
3413,0.02477255169678296,244
3414,0.0,231
3416,0.0,162
3417,0.0,237
3422,0.006060750570568352,256
3418,0.0,224
3419,0.04954510339356592,299
3420,0.0,194
3421,0.02477255169678296,269
3424,0.0,127
3425,0.0,202
3426,0.0,189
3427,0.02477255169678296,264
3428,0.0,159
3429,0.0,234
3432,0.0,152
3433,0.0,227
3436,0.0,184
3440,0.0,187
3447,0.0,0
3455,0.0,0
3456,0.0,65
3457,0.0,140
3458,0.0,127
3459,0.0,202
3460,0.0,97
3461,0.0,172
3462,0.0,159
3463,0.0,234
3464,0.0,90
3465,0.0,165
3466,0.0,152
3467,0.0,227
3468,0.0,122
3469,0.0,197
3470,0.0,184
3471,0.02477255169678296,259
3472,0.0,125
3473,0.0,200
3474,0.0,187
3475,0.02477255169678296,262
3476,0.0,157
3477,0.0,232
3478,0.0,219
3479,0.04954510339356592,294
3480,0.0,150
3481,0.0,225
3482,0.0,212
3483,0.04954510339356592,287
3484,0.0,182
3485,0.02477255169678296,257
3486,0.0,244
3488,0.0,115
3489,0.0,190
3490,0.0,177
3491,0.02477255169678296,252
3492,0.0,147
3493,0.0,222
3494,0.0,209
3495,0.04954510339356592,284
3496,0.0,140
3497,0.0,215
3498,0.0,202
3499,0.02477255169678296,277
3500,0.0,172
3504,0.0,175
3508,0.0,207
3512,0.0,200
3519,0.0,0
3520,0.0,80
3521,0.0,155
3522,0.0,142
3523,0.0,217
3524,0.0,112
3525,0.0,187
3526,0.0,174
3527,0.02477255169678296,249
3528,0.0,105
3529,0.0,180
3530,0.0,167
3531,0.02477255169678296,242
3532,0.0,137
3533,0.0,212
3534,0.0,199
3535,0.04954510339356592,274
3536,0.0,140
3537,0.0,215
3550,0.012121501141136705,259
3538,0.0,202
3539,0.04954510339356592,277
3540,0.0,172
3543,0.07431765509034892,309
3541,0.02477255169678296,247
3542,0.0,234
3544,0.0,165
3545,0.0,240
3546,0.0,227
3547,0.04954510339356592,302
3548,0.0,197
3549,0.02477255169678296,272
3552,0.0,130
3553,0.0,205
3554,0.0,192
3555,0.02477255169678296,267
3556,0.0,162
3557,0.0,237
3560,0.0,155
3561,0.0,230
3564,0.0,187
3568,0.0,190
3575,0.0,0
3583,0.0,0
3584,0.0,85
3585,0.0,160
3586,0.0,147
3587,0.0,222
3588,0.0,117
3589,0.0,192
3590,0.0,179
3591,0.02477255169678296,254
3592,0.0,110
3593,0.0,185
3594,0.0,172
3595,0.0,247
3596,0.0,142
3597,0.0,217
3598,0.0,204
3599,0.02477255169678296,279
3600,0.0,145
3601,0.0,220
3602,0.0,207
3604,0.0,177
3608,0.0,170
3609,0.0,245
3612,0.0,202
3616,0.0,135
3617,0.0,210
3618,0.0,197
3619,0.02477255169678296,272
3620,0.0,167
3621,0.0,242
3624,0.0,160
3625,0.0,235
3628,0.0,192
3632,0.0,195
3639,0.0,0
3647,0.0,0
3648,0.0,100
3649,0.0,175
3650,0.0,162
3651,0.0,237
3652,0.0,132
3653,0.0,207
3654,0.0,194
3655,0.02477255169678296,269
3656,0.0,125
3657,0.0,200
3658,0.0,187
3659,0.02477255169678296,262
3660,0.0,157
3661,0.0,232
3662,0.0,219
3663,0.04954510339356592,294
3664,0.0,160
3665,0.0,235
3668,0.0,192
3672,0.0,185
3679,0.0,0
3680,0.0,150
3681,0.0,225
3684,0.0,182
3688,0.0,175
3692,0.0,207
3703,0.0,0
3707,0.0,0
3711,0.0,0
3712,0.0,88
3713,0.0,163
3714,0.0,150
3715,0.0,225
3716,0.0,120
3717,0.0,195
3718,0.0,182
3719,0.02477255169678296,257
3720,0.0,113
3721,0.0,188
3722,0.0,175
3723,0.0,250
3724,0.0,145
3725,0.0,220
3726,0.0,207
3727,0.02477255169678296,282
3728,0.0,148
3729,0.0,223
3732,0.0,180
3736,0.0,173
3740,0.0,205
3744,0.0,138
3745,0.0,213
3746,0.0,200
3747,0.02477255169678296,275
3748,0.0,170
3749,0.0,245
3752,0.0,163
3753,0.0,238
3756,0.0,195
3760,0.0,198
3767,0.0,0
3775,0.0,0
3776,0.0,103
3777,0.0,178
3778,0.0,165
3779,0.0,240
3780,0.0,135
3781,0.0,210
3782,0.0,197
3783,0.02477255169678296,272
3784,0.0,128
3785,0.0,203
3786,0.0,190
3787,0.02477255169678296,265
3788,0.0,160
3789,0.0,235
3790,0.0,222
3791,0.04954510339356592,297
3792,0.0,163
3793,0.0,238
3796,0.0,195
3800,0.0,188
3807,0.0,0
3808,0.0,153
3809,0.0,228
3812,0.0,185
3816,0.0,178
3831,0.0,0
3835,0.0,0
3839,0.0,0
3840,0.0,97
3841,0.0,172
3842,0.0,159
3843,0.0,234
3844,0.0,129
3845,0.0,204
3846,0.0,191
3847,0.02477255169678296,266
3848,0.0,122
3849,0.0,197
3850,0.0,184
3851,0.02477255169678296,259
3852,0.0,154
3853,0.0,229
3854,0.0,216
3855,0.02477255169678296,291
3856,0.0,157
3857,0.0,232
3860,0.0,189
3864,0.0,182
3872,0.0,147
3873,0.0,222
3874,0.0,209
3876,0.0,179
3880,0.0,172
3884,0.0,204
3888,0.0,207
3895,0.0,0
3899,0.0,0
3903,0.0,0
3904,0.0,112
3905,0.0,187
3906,0.0,174
3907,0.0,249
3908,0.0,144
3909,0.0,219
3910,0.0,206
3911,0.02477255169678296,281
3912,0.0,137
3913,0.0,212
3914,0.0,199
3915,0.02477255169678296,274
3916,0.0,169
3917,0.0,244
3918,0.0,231
3919,0.04954510339356592,306
3920,0.0,172
3924,0.0,204
3928,0.0,197
3935,0.0,0
3936,0.0,162
3937,0.0,237
3940,0.0,194
3944,0.0,187
3959,0.0,0
3963,0.0,0
3965,0.0,0
3967,0.0,0
3968,0.0,100
3969,0.0,175
3970,0.0,162
3971,0.0,237
3972,0.0,132
3973,0.0,207
3974,0.0,194
3975,0.02477255169678296,269
3976,0.0,125
3977,0.0,200
3978,0.0,187
3979,0.02477255169678296,262
3980,0.0,157
3981,0.0,232
3982,0.0,219
3983,0.02477255169678296,294
3984,0.0,160
3985,0.0,235
3988,0.0,192
3992,0.0,185
3999,0.0,0
4000,0.0,150
4001,0.0,225
4004,0.0,182
4008,0.0,175
4012,0.0,207
4023,0.0,0
4027,0.0,0
4031,0.0,0
4032,0.0,115
4033,0.0,190
4034,0.0,177
4035,0.0,252
4036,0.0,147
4037,0.0,222
4038,0.0,209
4039,0.02477255169678296,284
4040,0.0,140
4041,0.0,215
4042,0.0,202
4043,0.02477255169678296,277
4044,0.0,172
4048,0.0,175
4052,0.0,207
4056,0.0,200
4063,0.0,0
4064,0.0,165
4065,0.0,240
4068,0.0,197
4072,0.0,190
4079,0.0,0
4083,0.0,0
4087,0.0,0
4091,0.0,0
4093,0.0,0
4095,0.0,0
