id,eigencentrality
0,0.0
1,0.0030312035646235217
2,0.0
3,0.008750801094045675
4,0.0
5,0.0030312035646235217
6,0.0
7,0.008750801094045675
8,0.0
9,0.0030312035646235217
10,0.0
11,0.008750801094045675
12,0.0
13,0.0030312035646235217
14,0.0
15,0.008750801094045675
16,0.0
17,0.0030312035646235217
18,0.0
19,0.018322162770990382
20,0.0
21,0.0030312035646235217
22,0.0
23,0.018322162770990382
24,0.0
25,0.0030312035646235217
26,0.0
27,0.018322162770990382
28,0.0
29,0.0030312035646235217
30,0.0
31,0.018322162770990382
32,0.0
33,0.0030312035646235217
34,0.0
35,0.008750801094045675
36,0.0
37,0.0030312035646235217
38,0.0
39,0.008750801094045675
40,0.0
41,0.0030312035646235217
42,0.0
43,0.008750801094045675
44,0.0
45,0.0030312035646235217
46,0.0
47,0.008750801094045675
48,0.0
49,0.0030312035646235217
50,0.0
51,0.03323639592137766
52,0.0
53,0.0030312035646235217
54,0.0
55,0.03323639592137766
56,0.0
57,0.0030312035646235217
58,0.0
59,0.03323639592137766
60,0.0
61,0.0030312035646235217
62,0.0
63,0.03323639592137766
64,0.0
65,0.0030312035646235217
66,0.0
67,0.008750801094045675
68,0.0
69,0.0030312035646235217
70,0.0
71,0.008750801094045675
72,0.0
73,0.0030312035646235217
74,0.0
75,0.008750801094045675
76,0.0
77,0.0030312035646235217
78,0.0
79,0.008750801094045675
80,0.0
81,0.0030312035646235217
82,0.0
83,0.018322162770990382
84,0.0
85,0.0030312035646235217
86,0.0
87,0.018322162770990382
88,0.0
89,0.0030312035646235217
90,0.0
91,0.018322162770990382
92,0.0
93,0.0030312035646235217
94,0.0
95,0.018322162770990382
96,0.0
97,0.0030312035646235217
98,0.0
99,0.008750801094045675
100,0.0
101,0.0030312035646235217
102,0.0
103,0.008750801094045675
104,0.0
105,0.0030312035646235217
106,0.0
107,0.008750801094045675
108,0.0
109,0.0030312035646235217
110,0.0
111,0.008750801094045675
112,0.0
113,0.0030312035646235217
114,0.0
115,0.03323639592137766
116,0.0
117,0.0030312035646235217
118,0.0
119,0.03323639592137766
120,0.0
121,0.0030312035646235217
122,0.0
123,0.03323639592137766
124,0.0
125,0.0030312035646235217
126,0.0
127,0.03323639592137766
128,0.0
129,0.0030312035646235217
130,0.0
131,0.008750801094045675
132,0.0
133,0.0030312035646235217
134,0.0
135,0.008750801094045675
136,0.0
137,0.0030312035646235217
138,0.0
139,0.008750801094045675
140,0.0
141,0.0030312035646235217
142,0.0
143,0.008750801094045675
144,0.0
145,0.0030312035646235217
146,0.0
147,0.018322162770990382
148,0.0
149,0.0030312035646235217
150,0.0
151,0.018322162770990382
152,0.0
153,0.0030312035646235217
154,0.0
155,0.018322162770990382
156,0.0
157,0.0030312035646235217
158,0.0
159,0.018322162770990382
160,0.0
161,0.0030312035646235217
162,0.0
163,0.008750801094045675
164,0.0
165,0.0030312035646235217
166,0.0
167,0.008750801094045675
168,0.0
169,0.0030312035646235217
170,0.0
171,0.008750801094045675
172,0.0
173,0.0030312035646235217
174,0.0
175,0.008750801094045675
176,0.0
177,0.0030312035646235217
178,0.0
179,0.03323639592137766
180,0.0
181,0.0030312035646235217
182,0.0
183,0.03323639592137766
184,0.0
185,0.0030312035646235217
186,0.0
187,0.03323639592137766
188,0.0
189,0.0030312035646235217
190,0.0
191,0.03323639592137766
192,0.0
193,0.0030312035646235217
194,0.0
195,0.008750801094045675
196,0.0
197,0.0030312035646235217
198,0.0
199,0.008750801094045675
200,0.0
201,0.0030312035646235217
202,0.0
203,0.008750801094045675
204,0.0
205,0.0030312035646235217
206,0.0
207,0.008750801094045675
208,0.0
209,0.0030312035646235217
210,0.0
211,0.018322162770990382
212,0.0
213,0.0030312035646235217
214,0.0
215,0.018322162770990382
216,0.0
217,0.0030312035646235217
218,0.0
219,0.018322162770990382
220,0.0
221,0.0030312035646235217
222,0.0
223,0.018322162770990382
224,0.0
225,0.0030312035646235217
226,0.0
227,0.008750801094045675
228,0.0
229,0.0030312035646235217
230,0.0
231,0.008750801094045675
232,0.0
233,0.0030312035646235217
234,0.0
235,0.008750801094045675
236,0.0
237,0.0030312035646235217
238,0.0
239,0.008750801094045675
240,0.0
241,0.0030312035646235217
242,0.0
243,0.03323639592137766
244,0.0
245,0.0030312035646235217
246,0.0
247,0.03323639592137766
248,0.0
249,0.0030312035646235217
250,0.0
251,0.03323639592137766
252,0.0
253,0.0030312035646235217
254,0.0
255,0.03323639592137766
256,0.0
257,0.0030312035646235217
258,0.0
259,0.008750801094045675
260,0.0
261,0.0030312035646235217
262,0.0
263,0.008750801094045675
264,0.0
265,0.0030312035646235217
266,0.0
267,0.008750801094045675
268,0.0
269,0.0030312035646235217
270,0.0
271,0.008750801094045675
272,0.0
273,0.0030312035646235217
274,0.0
275,0.018322162770990382
276,0.0
277,0.0030312035646235217
278,0.0
279,0.018322162770990382
280,0.0
281,0.0030312035646235217
282,0.0
283,0.018322162770990382
284,0.0
285,0.0030312035646235217
286,0.0
287,0.018322162770990382
288,0.0
289,0.0030312035646235217
290,0.0
291,0.008750801094045675
292,0.0
293,0.0030312035646235217
294,0.0
295,0.008750801094045675
296,0.0
297,0.0030312035646235217
298,0.0
299,0.008750801094045675
300,0.0
301,0.0030312035646235217
302,0.0
303,0.008750801094045675
304,0.0
305,0.0030312035646235217
306,0.0
307,0.03323639592137766
308,0.0
309,0.0030312035646235217
310,0.0
311,0.03323639592137766
312,0.0
313,0.0030312035646235217
314,0.0
315,0.03323639592137766
316,0.0
317,0.0030312035646235217
318,0.0
319,0.03323639592137766
320,0.0
321,0.0030312035646235217
322,0.0
323,0.008750801094045675
324,0.0
325,0.0030312035646235217
326,0.0
327,0.008750801094045675
328,0.0
329,0.0030312035646235217
330,0.0
331,0.008750801094045675
332,0.0
333,0.0030312035646235217
334,0.0
335,0.008750801094045675
336,0.0
337,0.0030312035646235217
338,0.0
339,0.018322162770990382
340,0.0
341,0.0030312035646235217
342,0.0
343,0.018322162770990382
344,0.0
345,0.0030312035646235217
346,0.0
347,0.018322162770990382
348,0.0
349,0.0030312035646235217
350,0.0
351,0.018322162770990382
352,0.0
353,0.0030312035646235217
354,0.0
355,0.008750801094045675
356,0.0
357,0.0030312035646235217
358,0.0
359,0.008750801094045675
360,0.0
361,0.0030312035646235217
362,0.0
363,0.008750801094045675
364,0.0
365,0.0030312035646235217
366,0.0
367,0.008750801094045675
368,0.0
369,0.0030312035646235217
370,0.0
371,0.03323639592137766
372,0.0
373,0.0030312035646235217
374,0.0
375,0.03323639592137766
376,0.0
377,0.0030312035646235217
378,0.0
379,0.03323639592137766
380,0.0
381,0.0030312035646235217
382,0.0
383,0.03323639592137766
384,0.0
385,0.0030312035646235217
386,0.0
387,0.008750801094045675
388,0.0
389,0.0030312035646235217
390,0.0
391,0.008750801094045675
392,0.0
393,0.0030312035646235217
394,0.0
395,0.008750801094045675
396,0.0
397,0.0030312035646235217
398,0.0
399,0.008750801094045675
400,0.0
401,0.0030312035646235217
402,0.0
403,0.018322162770990382
404,0.0
405,0.0030312035646235217
406,0.0
407,0.018322162770990382
408,0.0
409,0.0030312035646235217
410,0.0
411,0.018322162770990382
412,0.0
413,0.0030312035646235217
414,0.0
415,0.018322162770990382
416,0.0
417,0.0030312035646235217
418,0.0
419,0.008750801094045675
420,0.0
421,0.0030312035646235217
422,0.0
423,0.008750801094045675
424,0.0
425,0.0030312035646235217
426,0.0
427,0.008750801094045675
428,0.0
429,0.0030312035646235217
430,0.0
431,0.008750801094045675
432,0.0
433,0.0030312035646235217
434,0.0
435,0.03323639592137766
436,0.0
437,0.0030312035646235217
438,0.0
439,0.03323639592137766
440,0.0
441,0.0030312035646235217
442,0.0
443,0.03323639592137766
444,0.0
445,0.0030312035646235217
446,0.0
447,0.03323639592137766
448,0.0
449,0.0030312035646235217
450,0.0
451,0.008750801094045675
452,0.0
453,0.0030312035646235217
454,0.0
455,0.008750801094045675
456,0.0
457,0.0030312035646235217
458,0.0
459,0.008750801094045675
460,0.0
461,0.0030312035646235217
462,0.0
463,0.008750801094045675
464,0.0
465,0.0030312035646235217
466,0.0
467,0.018322162770990382
468,0.0
469,0.0030312035646235217
470,0.0
471,0.018322162770990382
472,0.0
473,0.0030312035646235217
474,0.0
475,0.018322162770990382
476,0.0
477,0.0030312035646235217
478,0.0
479,0.018322162770990382
480,0.0
481,0.0030312035646235217
482,0.0
483,0.008750801094045675
484,0.0
485,0.0030312035646235217
486,0.0
487,0.008750801094045675
488,0.0
489,0.0030312035646235217
490,0.0
491,0.008750801094045675
492,0.0
493,0.0030312035646235217
494,0.0
495,0.008750801094045675
496,0.0
497,0.0030312035646235217
498,0.0
499,0.03323639592137766
500,0.0
501,0.0030312035646235217
502,0.0
503,0.03323639592137766
504,0.0
505,0.0030312035646235217
506,0.0
507,0.03323639592137766
508,0.0
509,0.0030312035646235217
510,0.0
511,0.03323639592137766
512,0.0
513,0.0030312035646235217
514,0.0
515,0.008750801094045675
516,0.0
517,0.0030312035646235217
518,0.0
519,0.008750801094045675
520,0.0
521,0.0030312035646235217
522,0.0
523,0.008750801094045675
524,0.0
525,0.0030312035646235217
526,0.0
527,0.008750801094045675
528,0.0
529,0.0030312035646235217
530,0.0
531,0.018322162770990382
532,0.0
533,0.0030312035646235217
534,0.0
535,0.018322162770990382
536,0.0
537,0.0030312035646235217
538,0.0
539,0.018322162770990382
540,0.0
541,0.0030312035646235217
542,0.0
543,0.018322162770990382
544,0.0
545,0.0030312035646235217
546,0.0
547,0.008750801094045675
548,0.0
549,0.0030312035646235217
550,0.0
551,0.008750801094045675
552,0.0
553,0.0030312035646235217
554,0.0
555,0.008750801094045675
556,0.0
557,0.0030312035646235217
558,0.0
559,0.008750801094045675
560,0.0
561,0.0030312035646235217
562,0.0
563,0.05538000407763952
564,0.0
565,0.0030312035646235217
566,0.0
567,0.0871134697928588
568,0.0
569,0.0030312035646235217
570,0.0
571,0.05538000407763952
572,0.0
573,0.0030312035646235217
574,0.0
575,0.0871134697928588
576,0.0
577,0.0030312035646235217
578,0.0
579,0.008750801094045675
580,0.0
581,0.0030312035646235217
582,0.0
583,0.008750801094045675
584,0.0
585,0.0030312035646235217
586,0.0
587,0.008750801094045675
588,0.0
589,0.0030312035646235217
590,0.0
591,0.008750801094045675
592,0.0
593,0.0030312035646235217
594,0.0
595,0.018322162770990382
596,0.0
597,0.0030312035646235217
598,0.0
599,0.018322162770990382
600,0.0
601,0.0030312035646235217
602,0.0
603,0.018322162770990382
604,0.0
605,0.0030312035646235217
606,0.0
607,0.018322162770990382
608,0.0
609,0.0030312035646235217
610,0.0
611,0.008750801094045675
612,0.0
613,0.0030312035646235217
614,0.0
615,0.008750801094045675
616,0.0
617,0.0030312035646235217
618,0.0
619,0.008750801094045675
620,0.0
621,0.0030312035646235217
622,0.0
623,0.008750801094045675
624,0.0
625,0.0030312035646235217
626,0.0
627,0.05538000407763952
628,0.0
629,0.0030312035646235217
630,0.0
631,0.0871134697928588
632,0.0
633,0.0030312035646235217
634,0.0
635,0.05538000407763952
636,0.0
637,0.0030312035646235217
638,0.0
639,0.0871134697928588
640,0.0
641,0.0030312035646235217
642,0.0
643,0.008750801094045675
644,0.0
645,0.0030312035646235217
646,0.0
647,0.008750801094045675
648,0.0
649,0.0030312035646235217
650,0.0
651,0.008750801094045675
652,0.0
653,0.0030312035646235217
654,0.0
655,0.008750801094045675
656,0.0
657,0.0030312035646235217
658,0.0
659,0.018322162770990382
660,0.0
661,0.0030312035646235217
662,0.0
663,0.018322162770990382
664,0.0
665,0.0030312035646235217
666,0.0
667,0.018322162770990382
668,0.0
669,0.0030312035646235217
670,0.0
671,0.018322162770990382
672,0.0
673,0.0030312035646235217
674,0.0
675,0.008750801094045675
676,0.0
677,0.0030312035646235217
678,0.0
679,0.008750801094045675
680,0.0
681,0.0030312035646235217
682,0.0
683,0.008750801094045675
684,0.0
685,0.0030312035646235217
686,0.0
687,0.008750801094045675
688,0.0
689,0.0030312035646235217
690,0.0
691,0.05538000407763952
692,0.0
693,0.0030312035646235217
694,0.0
695,0.0871134697928588
696,0.0
697,0.0030312035646235217
698,0.0
699,0.05538000407763952
700,0.0
701,0.0030312035646235217
702,0.0
703,0.0871134697928588
704,0.0
705,0.0030312035646235217
706,0.0
707,0.008750801094045675
708,0.0
709,0.0030312035646235217
710,0.0
711,0.008750801094045675
712,0.0
713,0.0030312035646235217
714,0.0
715,0.008750801094045675
716,0.0
717,0.0030312035646235217
718,0.0
719,0.008750801094045675
720,0.0
721,0.0030312035646235217
722,0.0
723,0.018322162770990382
724,0.0
725,0.0030312035646235217
726,0.0
727,0.018322162770990382
728,0.0
729,0.0030312035646235217
730,0.0
731,0.018322162770990382
732,0.0
733,0.0030312035646235217
734,0.0
735,0.018322162770990382
736,0.0
737,0.0030312035646235217
738,0.0
739,0.008750801094045675
740,0.0
741,0.0030312035646235217
742,0.0
743,0.008750801094045675
744,0.0
745,0.0030312035646235217
746,0.0
747,0.008750801094045675
748,0.0
749,0.0030312035646235217
750,0.0
751,0.008750801094045675
752,0.0
753,0.0030312035646235217
754,0.0
755,0.05538000407763952
756,0.0
757,0.0030312035646235217
758,0.0
759,0.0871134697928588
760,0.0
761,0.0030312035646235217
762,0.0
763,0.05538000407763952
764,0.0
765,0.0030312035646235217
766,0.0
767,0.0871134697928588
768,0.0
769,0.0030312035646235217
770,0.0
771,0.008750801094045675
772,0.0
773,0.0030312035646235217
774,0.0
775,0.008750801094045675
776,0.0
777,0.0030312035646235217
778,0.0
779,0.008750801094045675
780,0.0
781,0.0030312035646235217
782,0.0
783,0.008750801094045675
784,0.0
785,0.0030312035646235217
786,0.0
787,0.018322162770990382
788,0.0
789,0.0030312035646235217
790,0.0
791,0.018322162770990382
792,0.0
793,0.0030312035646235217
794,0.0
795,0.018322162770990382
796,0.0
797,0.0030312035646235217
798,0.0
799,0.018322162770990382
800,0.0
801,0.0030312035646235217
802,0.0
803,0.008750801094045675
804,0.0
805,0.0030312035646235217
806,0.0
807,0.008750801094045675
808,0.0
809,0.0030312035646235217
810,0.0
811,0.008750801094045675
812,0.0
813,0.0030312035646235217
814,0.0
815,0.008750801094045675
816,0.0
817,0.0030312035646235217
818,0.0
819,0.05538000407763952
820,0.0
821,0.0030312035646235217
822,0.0
823,0.0871134697928588
824,0.0
825,0.0030312035646235217
826,0.0
827,0.05538000407763952
828,0.0
829,0.0030312035646235217
830,0.0
831,0.0871134697928588
832,0.0
833,0.0030312035646235217
834,0.0
835,0.008750801094045675
836,0.0
837,0.0030312035646235217
838,0.0
839,0.008750801094045675
840,0.0
841,0.0030312035646235217
842,0.0
843,0.008750801094045675
844,0.0
845,0.0030312035646235217
846,0.0
847,0.008750801094045675
848,0.0
849,0.0030312035646235217
850,0.0
851,0.018322162770990382
852,0.0
853,0.0030312035646235217
854,0.0
855,0.018322162770990382
856,0.0
857,0.0030312035646235217
858,0.0
859,0.018322162770990382
860,0.0
861,0.0030312035646235217
862,0.0
863,0.018322162770990382
864,0.0
865,0.0030312035646235217
866,0.0
867,0.008750801094045675
868,0.0
869,0.0030312035646235217
870,0.0
871,0.008750801094045675
872,0.0
873,0.0030312035646235217
874,0.0
875,0.008750801094045675
876,0.0
877,0.0030312035646235217
878,0.0
879,0.008750801094045675
880,0.0
881,0.0030312035646235217
882,0.0
883,0.05538000407763952
884,0.0
885,0.0030312035646235217
886,0.0
887,0.0871134697928588
888,0.0
889,0.0030312035646235217
890,0.0
891,0.05538000407763952
892,0.0
893,0.0030312035646235217
894,0.0
895,0.0871134697928588
896,0.0
897,0.0030312035646235217
898,0.0
899,0.008750801094045675
900,0.0
901,0.0030312035646235217
902,0.0
903,0.008750801094045675
904,0.0
905,0.0030312035646235217
906,0.0
907,0.008750801094045675
908,0.0
909,0.0030312035646235217
910,0.0
911,0.008750801094045675
912,0.0
913,0.0030312035646235217
914,0.0
915,0.018322162770990382
916,0.0
917,0.0030312035646235217
918,0.0
919,0.018322162770990382
920,0.0
921,0.0030312035646235217
922,0.0
923,0.018322162770990382
924,0.0
925,0.0030312035646235217
926,0.0
927,0.018322162770990382
928,0.0
929,0.0030312035646235217
930,0.0
931,0.008750801094045675
932,0.0
933,0.0030312035646235217
934,0.0
935,0.008750801094045675
936,0.0
937,0.0030312035646235217
938,0.0
939,0.008750801094045675
940,0.0
941,0.0030312035646235217
942,0.0
943,0.008750801094045675
944,0.0
945,0.0030312035646235217
946,0.0
947,0.05538000407763952
948,0.0
949,0.0030312035646235217
950,0.0
951,0.0871134697928588
952,0.0
953,0.0030312035646235217
954,0.0
955,0.05538000407763952
956,0.0
957,0.0030312035646235217
958,0.0
959,0.0871134697928588
960,0.0
961,0.0030312035646235217
962,0.0
963,0.008750801094045675
964,0.0
965,0.0030312035646235217
966,0.0
967,0.008750801094045675
968,0.0
969,0.0030312035646235217
970,0.0
971,0.008750801094045675
972,0.0
973,0.0030312035646235217
974,0.0
975,0.008750801094045675
976,0.0
977,0.0030312035646235217
978,0.0
979,0.018322162770990382
980,0.0
981,0.0030312035646235217
982,0.0
983,0.018322162770990382
984,0.0
985,0.0030312035646235217
986,0.0
987,0.018322162770990382
988,0.0
989,0.0030312035646235217
990,0.0
991,0.018322162770990382
992,0.0
993,0.0030312035646235217
994,0.0
995,0.008750801094045675
996,0.0
997,0.0030312035646235217
998,0.0
999,0.008750801094045675
1000,0.0
1001,0.0030312035646235217
1002,0.0
1003,0.008750801094045675
1004,0.0
1005,0.0030312035646235217
1006,0.0
1007,0.008750801094045675
1008,0.0
1009,0.0030312035646235217
1010,0.0
1011,0.05538000407763952
1012,0.0
1013,0.0030312035646235217
1014,0.0
1015,0.0871134697928588
1016,0.0
1017,0.0030312035646235217
1018,0.0
1019,0.05538000407763952
1020,0.0
1021,0.0030312035646235217
1022,0.0
1023,0.0871134697928588
1024,0.0
1025,0.0030312035646235217
1026,0.0
1027,0.008750801094045675
1028,0.0
1029,0.0030312035646235217
1030,0.0
1031,0.008750801094045675
1032,0.0
1033,0.0030312035646235217
1034,0.0
1035,0.008750801094045675
1036,0.0
1037,0.0030312035646235217
1038,0.0
1039,0.008750801094045675
1040,0.0
1041,0.0030312035646235217
1042,0.0
1043,0.018322162770990382
1044,0.0
1045,0.0030312035646235217
1046,0.0
1047,0.018322162770990382
1048,0.0
1049,0.0030312035646235217
1050,0.0
1051,0.018322162770990382
1052,0.0
1053,0.0030312035646235217
1054,0.0
1055,0.018322162770990382
1056,0.0
1057,0.0030312035646235217
1058,0.0
1059,0.008750801094045675
1060,0.0
1061,0.0030312035646235217
1062,0.0
1063,0.008750801094045675
1064,0.0
1065,0.0030312035646235217
1066,0.0
1067,0.008750801094045675
1068,0.0
1069,0.0030312035646235217
1070,0.0
1071,0.008750801094045675
1072,0.0
1073,0.0030312035646235217
1074,0.0
1075,0.03323639592137766
1076,0.0
1077,0.0030312035646235217
1078,0.0
1079,0.03323639592137766
1080,0.0
1081,0.0030312035646235217
1082,0.0
1083,0.03323639592137766
1084,0.0
1085,0.0030312035646235217
1086,0.0
1087,0.03323639592137766
1088,0.0
1089,0.0030312035646235217
1090,0.0
1091,0.008750801094045675
1092,0.0
1093,0.0030312035646235217
1094,0.0
1095,0.008750801094045675
1096,0.0
1097,0.0030312035646235217
1098,0.0
1099,0.008750801094045675
1100,0.0
1101,0.0030312035646235217
1102,0.0
1103,0.008750801094045675
1104,0.0
1105,0.0030312035646235217
1106,0.0
1107,0.018322162770990382
1108,0.0
1109,0.0030312035646235217
1110,0.0
1111,0.018322162770990382
1112,0.0
1113,0.0030312035646235217
1114,0.0
1115,0.018322162770990382
1116,0.0
1117,0.0030312035646235217
1118,0.0
1119,0.018322162770990382
1120,0.0
1121,0.0030312035646235217
1122,0.0
1123,0.008750801094045675
1124,0.0
1125,0.0030312035646235217
1126,0.0
1127,0.008750801094045675
1128,0.0
1129,0.0030312035646235217
1130,0.0
1131,0.008750801094045675
1132,0.0
1133,0.0030312035646235217
1134,0.0
1135,0.008750801094045675
1136,0.0
1137,0.0030312035646235217
1138,0.0
1139,0.03323639592137766
1140,0.0
1141,0.0030312035646235217
1142,0.0
1143,0.03323639592137766
1144,0.0
1145,0.0030312035646235217
1146,0.0
1147,0.03323639592137766
1148,0.0
1149,0.0030312035646235217
1150,0.0
1151,0.03323639592137766
1152,0.0
1153,0.0030312035646235217
1154,0.0
1155,0.008750801094045675
1156,0.0
1157,0.0030312035646235217
1158,0.0
1159,0.008750801094045675
1160,0.0
1161,0.0030312035646235217
1162,0.0
1163,0.008750801094045675
1164,0.0
1165,0.0030312035646235217
1166,0.0
1167,0.008750801094045675
1168,0.0
1169,0.0030312035646235217
1170,0.0
1171,0.018322162770990382
1172,0.0
1173,0.0030312035646235217
1174,0.0
1175,0.018322162770990382
1176,0.0
1177,0.0030312035646235217
1178,0.0
1179,0.018322162770990382
1180,0.0
1181,0.0030312035646235217
1182,0.0
1183,0.018322162770990382
1184,0.0
1185,0.0030312035646235217
1186,0.0
1187,0.008750801094045675
1188,0.0
1189,0.0030312035646235217
1190,0.0
1191,0.008750801094045675
1192,0.0
1193,0.0030312035646235217
1194,0.0
1195,0.008750801094045675
1196,0.0
1197,0.0030312035646235217
1198,0.0
1199,0.008750801094045675
1200,0.0
1201,0.0030312035646235217
1202,0.0
1203,0.03323639592137766
1204,0.0
1205,0.0030312035646235217
1206,0.0
1207,0.03323639592137766
1208,0.0
1209,0.0030312035646235217
1210,0.0
1211,0.03323639592137766
1212,0.0
1213,0.0030312035646235217
1214,0.0
1215,0.03323639592137766
1216,0.0
1217,0.0030312035646235217
1218,0.0
1219,0.008750801094045675
1220,0.0
1221,0.0030312035646235217
1222,0.0
1223,0.008750801094045675
1224,0.0
1225,0.0030312035646235217
1226,0.0
1227,0.008750801094045675
1228,0.0
1229,0.0030312035646235217
1230,0.0
1231,0.008750801094045675
1232,0.0
1233,0.0030312035646235217
1234,0.0
1235,0.018322162770990382
1236,0.0
1237,0.0030312035646235217
1238,0.0
1239,0.018322162770990382
1240,0.0
1241,0.0030312035646235217
1242,0.0
1243,0.018322162770990382
1244,0.0
1245,0.0030312035646235217
1246,0.0
1247,0.018322162770990382
1248,0.0
1249,0.0030312035646235217
1250,0.0
1251,0.008750801094045675
1252,0.0
1253,0.0030312035646235217
1254,0.0
1255,0.008750801094045675
1256,0.0
1257,0.0030312035646235217
1258,0.0
1259,0.008750801094045675
1260,0.0
1261,0.0030312035646235217
1262,0.0
1263,0.008750801094045675
1264,0.0
1265,0.0030312035646235217
1266,0.0
1267,0.03323639592137766
1268,0.0
1269,0.0030312035646235217
1270,0.0
1271,0.03323639592137766
1272,0.0
1273,0.0030312035646235217
1274,0.0
1275,0.03323639592137766
1276,0.0
1277,0.0030312035646235217
1278,0.0
1279,0.03323639592137766
1280,0.0
1281,0.0030312035646235217
1282,0.0
1283,0.008750801094045675
1284,0.0
1285,0.0030312035646235217
1286,0.0
1287,0.008750801094045675
1288,0.0
1289,0.0030312035646235217
1290,0.0
1291,0.008750801094045675
1292,0.0
1293,0.0030312035646235217
1294,0.0
1295,0.008750801094045675
1296,0.0
1297,0.0030312035646235217
1298,0.0
1299,0.018322162770990382
1300,0.0
1301,0.0030312035646235217
1302,0.0
1303,0.018322162770990382
1304,0.0
1305,0.0030312035646235217
1306,0.0
1307,0.018322162770990382
1308,0.0
1309,0.0030312035646235217
1310,0.0
1311,0.018322162770990382
1312,0.0
1313,0.0030312035646235217
1314,0.0
1315,0.008750801094045675
1316,0.0
1317,0.0030312035646235217
1318,0.0
1319,0.008750801094045675
1320,0.0
1321,0.0030312035646235217
1322,0.0
1323,0.008750801094045675
1324,0.0
1325,0.0030312035646235217
1326,0.0
1327,0.008750801094045675
1328,0.0
1329,0.0030312035646235217
1330,0.0
1331,0.03323639592137766
1332,0.0
1333,0.0030312035646235217
1334,0.0
1335,0.03323639592137766
1336,0.0
1337,0.0030312035646235217
1338,0.0
1339,0.03323639592137766
1340,0.0
1341,0.0030312035646235217
1342,0.0
1343,0.03323639592137766
1344,0.0
1345,0.0030312035646235217
1346,0.0
1347,0.008750801094045675
1348,0.0
1349,0.0030312035646235217
1350,0.0
1351,0.008750801094045675
1352,0.0
1353,0.0030312035646235217
1354,0.0
1355,0.008750801094045675
1356,0.0
1357,0.0030312035646235217
1358,0.0
1359,0.008750801094045675
1360,0.0
1361,0.0030312035646235217
1362,0.0
1363,0.018322162770990382
1364,0.0
1365,0.0030312035646235217
1366,0.0
1367,0.018322162770990382
1368,0.0
1369,0.0030312035646235217
1370,0.0
1371,0.018322162770990382
1372,0.0
1373,0.0030312035646235217
1374,0.0
1375,0.018322162770990382
1376,0.0
1377,0.0030312035646235217
1378,0.0
1379,0.008750801094045675
1380,0.0
1381,0.0030312035646235217
1382,0.0
1383,0.008750801094045675
1384,0.0
1385,0.0030312035646235217
1386,0.0
1387,0.008750801094045675
1388,0.0
1389,0.0030312035646235217
1390,0.0
1391,0.008750801094045675
1392,0.0
1393,0.0030312035646235217
1394,0.0
1395,0.03323639592137766
1396,0.0
1397,0.0030312035646235217
1398,0.0
1399,0.03323639592137766
1400,0.0
1401,0.0030312035646235217
1402,0.0
1403,0.03323639592137766
1404,0.0
1405,0.0030312035646235217
1406,0.0
1407,0.03323639592137766
1408,0.0
1409,0.0030312035646235217
1410,0.0
1411,0.008750801094045675
1412,0.0
1413,0.0030312035646235217
1414,0.0
1415,0.008750801094045675
1416,0.0
1417,0.0030312035646235217
1418,0.0
1419,0.008750801094045675
1420,0.0
1421,0.0030312035646235217
1422,0.0
1423,0.008750801094045675
1424,0.0
1425,0.0030312035646235217
1426,0.0
1427,0.018322162770990382
1428,0.0
1429,0.0030312035646235217
1430,0.0
1431,0.018322162770990382
1432,0.0
1433,0.0030312035646235217
1434,0.0
1435,0.018322162770990382
1436,0.0
1437,0.0030312035646235217
1438,0.0
1439,0.018322162770990382
1440,0.0
1441,0.0030312035646235217
1442,0.0
1443,0.008750801094045675
1444,0.0
1445,0.0030312035646235217
1446,0.0
1447,0.008750801094045675
1448,0.0
1449,0.0030312035646235217
1450,0.0
1451,0.008750801094045675
1452,0.0
1453,0.0030312035646235217
1454,0.0
1455,0.008750801094045675
1456,0.0
1457,0.0030312035646235217
1458,0.0
1459,0.03323639592137766
1460,0.0
1461,0.0030312035646235217
1462,0.0
1463,0.03323639592137766
1464,0.0
1465,0.0030312035646235217
1466,0.0
1467,0.03323639592137766
1468,0.0
1469,0.0030312035646235217
1470,0.0
1471,0.03323639592137766
1472,0.0
1473,0.0030312035646235217
1474,0.0
1475,0.008750801094045675
1476,0.0
1477,0.0030312035646235217
1478,0.0
1479,0.008750801094045675
1480,0.0
1481,0.0030312035646235217
1482,0.0
1483,0.008750801094045675
1484,0.0
1485,0.0030312035646235217
1486,0.0
1487,0.008750801094045675
1488,0.0
1489,0.0030312035646235217
1490,0.0
1491,0.018322162770990382
1492,0.0
1493,0.0030312035646235217
1494,0.0
1495,0.018322162770990382
1496,0.0
1497,0.0030312035646235217
1498,0.0
1499,0.018322162770990382
1500,0.0
1501,0.0030312035646235217
1502,0.0
1503,0.018322162770990382
1504,0.0
1505,0.0030312035646235217
1506,0.0
1507,0.008750801094045675
1508,0.0
1509,0.0030312035646235217
1510,0.0
1511,0.008750801094045675
1512,0.0
1513,0.0030312035646235217
1514,0.0
1515,0.008750801094045675
1516,0.0
1517,0.0030312035646235217
1518,0.0
1519,0.008750801094045675
1520,0.0
1521,0.0030312035646235217
1522,0.0
1523,0.03323639592137766
1524,0.0
1525,0.0030312035646235217
1526,0.0
1527,0.03323639592137766
1528,0.0
1529,0.0030312035646235217
1530,0.0
1531,0.03323639592137766
1532,0.0
1533,0.0030312035646235217
1534,0.0
1535,0.03323639592137766
1536,0.0
1537,0.0030312035646235217
1538,0.0
1539,0.008750801094045675
1540,0.0
1541,0.0030312035646235217
1542,0.0
1543,0.008750801094045675
1544,0.0
1545,0.0030312035646235217
1546,0.0
1547,0.008750801094045675
1548,0.0
1549,0.0030312035646235217
1550,0.0
1551,0.008750801094045675
1552,0.0
1553,0.0030312035646235217
1554,0.0
1555,0.018322162770990382
1556,0.0
1557,0.0030312035646235217
1558,0.0
1559,0.018322162770990382
1560,0.0
1561,0.0030312035646235217
1562,0.0
1563,0.018322162770990382
1564,0.0
1565,0.0030312035646235217
1566,0.0
1567,0.018322162770990382
1568,0.0
1569,0.0030312035646235217
1570,0.0
1571,0.008750801094045675
1572,0.0
1573,0.0030312035646235217
1574,0.0
1575,0.008750801094045675
1576,0.0
1577,0.0030312035646235217
1578,0.0
1579,0.008750801094045675
1580,0.0
1581,0.0030312035646235217
1582,0.0
1583,0.008750801094045675
1584,0.0
1585,0.0030312035646235217
1586,0.0
1587,0.05538000407763952
1588,0.0
1589,0.0030312035646235217
1590,0.0
1591,0.13136219863943163
1592,0.0
1593,0.0030312035646235217
1594,0.0
1595,0.05538000407763952
1596,0.0
1597,0.0030312035646235217
1598,0.0
1599,0.1917214204541223
1600,0.0
1601,0.0030312035646235217
1602,0.0
1603,0.008750801094045675
1604,0.0
1605,0.0030312035646235217
1606,0.0
1607,0.008750801094045675
1608,0.0
1609,0.0030312035646235217
1610,0.0
1611,0.008750801094045675
1612,0.0
1613,0.0030312035646235217
1614,0.0
1615,0.008750801094045675
1616,0.0
1617,0.0030312035646235217
1618,0.0
1619,0.018322162770990382
1620,0.0
1621,0.0030312035646235217
1622,0.0
1623,0.018322162770990382
1624,0.0
1625,0.0030312035646235217
1626,0.0
1627,0.018322162770990382
1628,0.0
1629,0.0030312035646235217
1630,0.0
1631,0.018322162770990382
1632,0.0
1633,0.0030312035646235217
1634,0.0
1635,0.008750801094045675
1636,0.0
1637,0.0030312035646235217
1638,0.0
1639,0.008750801094045675
1640,0.0
1641,0.0030312035646235217
1642,0.0
1643,0.008750801094045675
1644,0.0
1645,0.0030312035646235217
1646,0.0
1647,0.008750801094045675
1648,0.0
1649,0.0030312035646235217
1650,0.0
1651,0.05538000407763952
1652,0.0
1653,0.0030312035646235217
1654,0.0
1655,0.13136219863943163
1656,0.0
1657,0.0030312035646235217
1658,0.0
1659,0.05538000407763952
1660,0.0
1661,0.0030312035646235217
1662,0.0
1663,0.1917214204541223
1664,0.0
1665,0.0030312035646235217
1666,0.0
1667,0.008750801094045675
1668,0.0
1669,0.0030312035646235217
1670,0.0
1671,0.008750801094045675
1672,0.0
1673,0.0030312035646235217
1674,0.0
1675,0.008750801094045675
1676,0.0
1677,0.0030312035646235217
1678,0.0
1679,0.008750801094045675
1680,0.0
1681,0.0030312035646235217
1682,0.0
1683,0.018322162770990382
1684,0.0
1685,0.0030312035646235217
1686,0.0
1687,0.018322162770990382
1688,0.0
1689,0.0030312035646235217
1690,0.0
1691,0.018322162770990382
1692,0.0
1693,0.0030312035646235217
1694,0.0
1695,0.018322162770990382
1696,0.0
1697,0.0030312035646235217
1698,0.0
1699,0.008750801094045675
1700,0.0
1701,0.0030312035646235217
1702,0.0
1703,0.008750801094045675
1704,0.0
1705,0.0030312035646235217
1706,0.0
1707,0.008750801094045675
1708,0.0
1709,0.0030312035646235217
1710,0.0
1711,0.008750801094045675
1712,0.0
1713,0.0030312035646235217
1714,0.0
1715,0.05538000407763952
1716,0.0
1717,0.0030312035646235217
1718,0.0
1719,0.13136219863943163
1720,0.0
1721,0.0030312035646235217
1722,0.0
1723,0.05538000407763952
1724,0.0
1725,0.0030312035646235217
1726,0.0
1727,0.1917214204541223
1728,0.0
1729,0.0030312035646235217
1730,0.0
1731,0.008750801094045675
1732,0.0
1733,0.0030312035646235217
1734,0.0
1735,0.008750801094045675
1736,0.0
1737,0.0030312035646235217
1738,0.0
1739,0.008750801094045675
1740,0.0
1741,0.0030312035646235217
1742,0.0
1743,0.008750801094045675
1744,0.0
1745,0.0030312035646235217
1746,0.0
1747,0.018322162770990382
1748,0.0
1749,0.0030312035646235217
1750,0.0
1751,0.018322162770990382
1752,0.0
1753,0.0030312035646235217
1754,0.0
1755,0.018322162770990382
1756,0.0
1757,0.0030312035646235217
1758,0.0
1759,0.018322162770990382
1760,0.0
1761,0.0030312035646235217
1762,0.0
1763,0.008750801094045675
1764,0.0
1765,0.0030312035646235217
1766,0.0
1767,0.008750801094045675
1768,0.0
1769,0.0030312035646235217
1770,0.0
1771,0.008750801094045675
1772,0.0
1773,0.0030312035646235217
1774,0.0
1775,0.008750801094045675
1776,0.0
1777,0.0030312035646235217
1778,0.0
1779,0.05538000407763952
1780,0.0
1781,0.0030312035646235217
1782,0.0
1783,0.13136219863943163
1784,0.0
1785,0.0030312035646235217
1786,0.0
1787,0.05538000407763952
1788,0.0
1789,0.0030312035646235217
1790,0.0
1791,0.1917214204541223
1792,0.0
1793,0.0030312035646235217
1794,0.0
1795,0.008750801094045675
1796,0.0
1797,0.0030312035646235217
1798,0.0
1799,0.008750801094045675
1800,0.0
1801,0.0030312035646235217
1802,0.0
1803,0.008750801094045675
1804,0.0
1805,0.0030312035646235217
1806,0.0
1807,0.008750801094045675
1808,0.0
1809,0.0030312035646235217
1810,0.0
1811,0.018322162770990382
1812,0.0
1813,0.0030312035646235217
1814,0.0
1815,0.018322162770990382
1816,0.0
1817,0.0030312035646235217
1818,0.0
1819,0.018322162770990382
1820,0.0
1821,0.0030312035646235217
1822,0.0
1823,0.018322162770990382
1824,0.0
1825,0.0030312035646235217
1826,0.0
1827,0.008750801094045675
1828,0.0
1829,0.0030312035646235217
1830,0.0
1831,0.008750801094045675
1832,0.0
1833,0.0030312035646235217
1834,0.0
1835,0.008750801094045675
1836,0.0
1837,0.0030312035646235217
1838,0.0
1839,0.008750801094045675
1840,0.0
1841,0.0030312035646235217
1842,0.0
1843,0.05538000407763952
1844,0.0
1845,0.0030312035646235217
1846,0.0
1847,0.13136219863943163
1848,0.0
1849,0.0030312035646235217
1850,0.0
1851,0.05538000407763952
1852,0.0
1853,0.0030312035646235217
1854,0.0
1855,0.1917214204541223
1856,0.0
1857,0.0030312035646235217
1858,0.0
1859,0.008750801094045675
1860,0.0
1861,0.0030312035646235217
1862,0.0
1863,0.008750801094045675
1864,0.0
1865,0.0030312035646235217
1866,0.0
1867,0.008750801094045675
1868,0.0
1869,0.0030312035646235217
1870,0.0
1871,0.008750801094045675
1872,0.0
1873,0.0030312035646235217
1874,0.0
1875,0.018322162770990382
1876,0.0
1877,0.0030312035646235217
1878,0.0
1879,0.018322162770990382
1880,0.0
1881,0.0030312035646235217
1882,0.0
1883,0.018322162770990382
1884,0.0
1885,0.0030312035646235217
1886,0.0
1887,0.018322162770990382
1888,0.0
1889,0.0030312035646235217
1890,0.0
1891,0.008750801094045675
1892,0.0
1893,0.0030312035646235217
1894,0.0
1895,0.008750801094045675
1896,0.0
1897,0.0030312035646235217
1898,0.0
1899,0.008750801094045675
1900,0.0
1901,0.0030312035646235217
1902,0.0
1903,0.008750801094045675
1904,0.0
1905,0.0030312035646235217
1906,0.0
1907,0.05538000407763952
1908,0.0
1909,0.0030312035646235217
1910,0.0
1911,0.13136219863943163
1912,0.0
1913,0.0030312035646235217
1914,0.0
1915,0.05538000407763952
1916,0.0
1917,0.0030312035646235217
1918,0.0
1919,0.1917214204541223
1920,0.0
1921,0.0030312035646235217
1922,0.0
1923,0.008750801094045675
1924,0.0
1925,0.0030312035646235217
1926,0.0
1927,0.008750801094045675
1928,0.0
1929,0.0030312035646235217
1930,0.0
1931,0.008750801094045675
1932,0.0
1933,0.0030312035646235217
1934,0.0
1935,0.008750801094045675
1936,0.0
1937,0.0030312035646235217
1938,0.0
1939,0.018322162770990382
1940,0.0
1941,0.0030312035646235217
1942,0.0
1943,0.018322162770990382
1944,0.0
1945,0.0030312035646235217
1946,0.0
1947,0.018322162770990382
1948,0.0
1949,0.0030312035646235217
1950,0.0
1951,0.018322162770990382
1952,0.0
1953,0.0030312035646235217
1954,0.0
1955,0.008750801094045675
1956,0.0
1957,0.0030312035646235217
1958,0.0
1959,0.008750801094045675
1960,0.0
1961,0.0030312035646235217
1962,0.0
1963,0.008750801094045675
1964,0.0
1965,0.0030312035646235217
1966,0.0
1967,0.008750801094045675
1968,0.0
1969,0.0030312035646235217
1970,0.0
1971,0.05538000407763952
1972,0.0
1973,0.0030312035646235217
1974,0.0
1975,0.13136219863943163
1976,0.0
1977,0.0030312035646235217
1978,0.0
1979,0.05538000407763952
1980,0.0
1981,0.0030312035646235217
1982,0.0
1983,0.1917214204541223
1984,0.0
1985,0.0030312035646235217
1986,0.0
1987,0.008750801094045675
1988,0.0
1989,0.0030312035646235217
1990,0.0
1991,0.008750801094045675
1992,0.0
1993,0.0030312035646235217
1994,0.0
1995,0.008750801094045675
1996,0.0
1997,0.0030312035646235217
1998,0.0
1999,0.008750801094045675
2000,0.0
2001,0.0030312035646235217
2002,0.0
2003,0.018322162770990382
2004,0.0
2005,0.0030312035646235217
2006,0.0
2007,0.018322162770990382
2008,0.0
2009,0.0030312035646235217
2010,0.0
2011,0.018322162770990382
2012,0.0
2013,0.0030312035646235217
2014,0.0
2015,0.018322162770990382
2016,0.0
2017,0.0030312035646235217
2018,0.0
2019,0.008750801094045675
2020,0.0
2021,0.0030312035646235217
2022,0.0
2023,0.008750801094045675
2024,0.0
2025,0.0030312035646235217
2026,0.0
2027,0.008750801094045675
2028,0.0
2029,0.0030312035646235217
2030,0.0
2031,0.008750801094045675
2032,0.0
2033,0.0030312035646235217
2034,0.0
2035,0.05538000407763952
2036,0.0
2037,0.0030312035646235217
2038,0.0
2039,0.13136219863943163
2040,0.0
2041,0.0030312035646235217
2042,0.0
2043,0.05538000407763952
2044,0.0
2045,0.0030312035646235217
2046,0.0
2047,0.1917214204541223
2048,0.0
2049,0.0030312035646235217
2050,0.0
2051,0.008750801094045675
2052,0.0
2053,0.0030312035646235217
2054,0.0
2055,0.008750801094045675
2056,0.0
2057,0.0030312035646235217
2058,0.0
2059,0.008750801094045675
2060,0.0
2061,0.0030312035646235217
2062,0.0
2063,0.008750801094045675
2064,0.0
2065,0.0030312035646235217
2066,0.0
2067,0.018322162770990382
2068,0.0
2069,0.0030312035646235217
2070,0.0
2071,0.018322162770990382
2072,0.0
2073,0.0030312035646235217
2074,0.0
2075,0.018322162770990382
2076,0.0
2077,0.0030312035646235217
2078,0.0
2079,0.018322162770990382
2080,0.0
2081,0.0030312035646235217
2082,0.0
2083,0.008750801094045675
2084,0.0
2085,0.0030312035646235217
2086,0.0
2087,0.008750801094045675
2088,0.0
2089,0.0030312035646235217
2090,0.0
2091,0.008750801094045675
2092,0.0
2093,0.0030312035646235217
2094,0.0
2095,0.008750801094045675
2096,0.0
2097,0.0030312035646235217
2098,0.0
2099,0.03323639592137766
2100,0.0
2101,0.0030312035646235217
2102,0.0
2103,0.03323639592137766
2104,0.0
2105,0.0030312035646235217
2106,0.0
2107,0.03323639592137766
2108,0.0
2109,0.0030312035646235217
2110,0.0
2111,0.03323639592137766
2112,0.0
2113,0.0030312035646235217
2114,0.0
2115,0.008750801094045675
2116,0.0
2117,0.0030312035646235217
2118,0.0
2119,0.008750801094045675
2120,0.0
2121,0.0030312035646235217
2122,0.0
2123,0.008750801094045675
2124,0.0
2125,0.0030312035646235217
2126,0.0
2127,0.008750801094045675
2128,0.0
2129,0.0030312035646235217
2130,0.0
2131,0.018322162770990382
2132,0.0
2133,0.0030312035646235217
2134,0.0
2135,0.018322162770990382
2136,0.0
2137,0.0030312035646235217
2138,0.0
2139,0.018322162770990382
2140,0.0
2141,0.0030312035646235217
2142,0.0
2143,0.018322162770990382
2144,0.0
2145,0.0030312035646235217
2146,0.0
2147,0.008750801094045675
2148,0.0
2149,0.0030312035646235217
2150,0.0
2151,0.008750801094045675
2152,0.0
2153,0.0030312035646235217
2154,0.0
2155,0.008750801094045675
2156,0.0
2157,0.0030312035646235217
2158,0.0
2159,0.008750801094045675
2160,0.0
2161,0.0030312035646235217
2162,0.0
2163,0.03323639592137766
2164,0.0
2165,0.0030312035646235217
2166,0.0
2167,0.03323639592137766
2168,0.0
2169,0.0030312035646235217
2170,0.0
2171,0.03323639592137766
2172,0.0
2173,0.0030312035646235217
2174,0.0
2175,0.03323639592137766
2176,0.0
2177,0.0030312035646235217
2178,0.0
2179,0.008750801094045675
2180,0.0
2181,0.0030312035646235217
2182,0.0
2183,0.008750801094045675
2184,0.0
2185,0.0030312035646235217
2186,0.0
2187,0.008750801094045675
2188,0.0
2189,0.0030312035646235217
2190,0.0
2191,0.008750801094045675
2192,0.0
2193,0.0030312035646235217
2194,0.0
2195,0.018322162770990382
2196,0.0
2197,0.0030312035646235217
2198,0.0
2199,0.018322162770990382
2200,0.0
2201,0.0030312035646235217
2202,0.0
2203,0.018322162770990382
2204,0.0
2205,0.0030312035646235217
2206,0.0
2207,0.018322162770990382
2208,0.0
2209,0.0030312035646235217
2210,0.0
2211,0.008750801094045675
2212,0.0
2213,0.0030312035646235217
2214,0.0
2215,0.008750801094045675
2216,0.0
2217,0.0030312035646235217
2218,0.0
2219,0.008750801094045675
2220,0.0
2221,0.0030312035646235217
2222,0.0
2223,0.008750801094045675
2224,0.0
2225,0.0030312035646235217
2226,0.0
2227,0.03323639592137766
2228,0.0
2229,0.0030312035646235217
2230,0.0
2231,0.03323639592137766
2232,0.0
2233,0.0030312035646235217
2234,0.0
2235,0.03323639592137766
2236,0.0
2237,0.0030312035646235217
2238,0.0
2239,0.03323639592137766
2240,0.0
2241,0.0030312035646235217
2242,0.0
2243,0.008750801094045675
2244,0.0
2245,0.0030312035646235217
2246,0.0
2247,0.008750801094045675
2248,0.0
2249,0.0030312035646235217
2250,0.0
2251,0.008750801094045675
2252,0.0
2253,0.0030312035646235217
2254,0.0
2255,0.008750801094045675
2256,0.0
2257,0.0030312035646235217
2258,0.0
2259,0.018322162770990382
2260,0.0
2261,0.0030312035646235217
2262,0.0
2263,0.018322162770990382
2264,0.0
2265,0.0030312035646235217
2266,0.0
2267,0.018322162770990382
2268,0.0
2269,0.0030312035646235217
2270,0.0
2271,0.018322162770990382
2272,0.0
2273,0.0030312035646235217
2274,0.0
2275,0.008750801094045675
2276,0.0
2277,0.0030312035646235217
2278,0.0
2279,0.008750801094045675
2280,0.0
2281,0.0030312035646235217
2282,0.0
2283,0.008750801094045675
2284,0.0
2285,0.0030312035646235217
2286,0.0
2287,0.008750801094045675
2288,0.0
2289,0.0030312035646235217
2290,0.0
2291,0.03323639592137766
2292,0.0
2293,0.0030312035646235217
2294,0.0
2295,0.03323639592137766
2296,0.0
2297,0.0030312035646235217
2298,0.0
2299,0.03323639592137766
2300,0.0
2301,0.0030312035646235217
2302,0.0
2303,0.03323639592137766
2304,0.0
2305,0.0030312035646235217
2306,0.0
2307,0.008750801094045675
2308,0.0
2309,0.0030312035646235217
2310,0.0
2311,0.008750801094045675
2312,0.0
2313,0.0030312035646235217
2314,0.0
2315,0.008750801094045675
2316,0.0
2317,0.0030312035646235217
2318,0.0
2319,0.008750801094045675
2320,0.0
2321,0.0030312035646235217
2322,0.0
2323,0.018322162770990382
2324,0.0
2325,0.0030312035646235217
2326,0.0
2327,0.018322162770990382
2328,0.0
2329,0.0030312035646235217
2330,0.0
2331,0.018322162770990382
2332,0.0
2333,0.0030312035646235217
2334,0.0
2335,0.018322162770990382
2336,0.0
2337,0.0030312035646235217
2338,0.0
2339,0.008750801094045675
2340,0.0
2341,0.0030312035646235217
2342,0.0
2343,0.008750801094045675
2344,0.0
2345,0.0030312035646235217
2346,0.0
2347,0.008750801094045675
2348,0.0
2349,0.0030312035646235217
2350,0.0
2351,0.008750801094045675
2352,0.0
2353,0.0030312035646235217
2354,0.0
2355,0.03323639592137766
2356,0.0
2357,0.0030312035646235217
2358,0.0
2359,0.03323639592137766
2360,0.0
2361,0.0030312035646235217
2362,0.0
2363,0.03323639592137766
2364,0.0
2365,0.0030312035646235217
2366,0.0
2367,0.03323639592137766
2368,0.0
2369,0.0030312035646235217
2370,0.0
2371,0.008750801094045675
2372,0.0
2373,0.0030312035646235217
2374,0.0
2375,0.008750801094045675
2376,0.0
2377,0.0030312035646235217
2378,0.0
2379,0.008750801094045675
2380,0.0
2381,0.0030312035646235217
2382,0.0
2383,0.008750801094045675
2384,0.0
2385,0.0030312035646235217
2386,0.0
2387,0.018322162770990382
2388,0.0
2389,0.0030312035646235217
2390,0.0
2391,0.018322162770990382
2392,0.0
2393,0.0030312035646235217
2394,0.0
2395,0.018322162770990382
2396,0.0
2397,0.0030312035646235217
2398,0.0
2399,0.018322162770990382
2400,0.0
2401,0.0030312035646235217
2402,0.0
2403,0.008750801094045675
2404,0.0
2405,0.0030312035646235217
2406,0.0
2407,0.008750801094045675
2408,0.0
2409,0.0030312035646235217
2410,0.0
2411,0.008750801094045675
2412,0.0
2413,0.0030312035646235217
2414,0.0
2415,0.008750801094045675
2416,0.0
2417,0.0030312035646235217
2418,0.0
2419,0.03323639592137766
2420,0.0
2421,0.0030312035646235217
2422,0.0
2423,0.03323639592137766
2424,0.0
2425,0.0030312035646235217
2426,0.0
2427,0.03323639592137766
2428,0.0
2429,0.0030312035646235217
2430,0.0
2431,0.03323639592137766
2432,0.0
2433,0.0030312035646235217
2434,0.0
2435,0.008750801094045675
2436,0.0
2437,0.0030312035646235217
2438,0.0
2439,0.008750801094045675
2440,0.0
2441,0.0030312035646235217
2442,0.0
2443,0.008750801094045675
2444,0.0
2445,0.0030312035646235217
2446,0.0
2447,0.008750801094045675
2448,0.0
2449,0.0030312035646235217
2450,0.0
2451,0.018322162770990382
2452,0.0
2453,0.0030312035646235217
2454,0.0
2455,0.018322162770990382
2456,0.0
2457,0.0030312035646235217
2458,0.0
2459,0.018322162770990382
2460,0.0
2461,0.0030312035646235217
2462,0.0
2463,0.018322162770990382
2464,0.0
2465,0.0030312035646235217
2466,0.0
2467,0.008750801094045675
2468,0.0
2469,0.0030312035646235217
2470,0.0
2471,0.008750801094045675
2472,0.0
2473,0.0030312035646235217
2474,0.0
2475,0.008750801094045675
2476,0.0
2477,0.0030312035646235217
2478,0.0
2479,0.008750801094045675
2480,0.0
2481,0.0030312035646235217
2482,0.0
2483,0.03323639592137766
2484,0.0
2485,0.0030312035646235217
2486,0.0
2487,0.03323639592137766
2488,0.0
2489,0.0030312035646235217
2490,0.0
2491,0.03323639592137766
2492,0.0
2493,0.0030312035646235217
2494,0.0
2495,0.03323639592137766
2496,0.0
2497,0.0030312035646235217
2498,0.0
2499,0.008750801094045675
2500,0.0
2501,0.0030312035646235217
2502,0.0
2503,0.008750801094045675
2504,0.0
2505,0.0030312035646235217
2506,0.0
2507,0.008750801094045675
2508,0.0
2509,0.0030312035646235217
2510,0.0
2511,0.008750801094045675
2512,0.0
2513,0.0030312035646235217
2514,0.0
2515,0.018322162770990382
2516,0.0
2517,0.0030312035646235217
2518,0.0
2519,0.018322162770990382
2520,0.0
2521,0.0030312035646235217
2522,0.0
2523,0.018322162770990382
2524,0.0
2525,0.0030312035646235217
2526,0.0
2527,0.018322162770990382
2528,0.0
2529,0.0030312035646235217
2530,0.0
2531,0.008750801094045675
2532,0.0
2533,0.0030312035646235217
2534,0.0
2535,0.008750801094045675
2536,0.0
2537,0.0030312035646235217
2538,0.0
2539,0.008750801094045675
2540,0.0
2541,0.0030312035646235217
2542,0.0
2543,0.008750801094045675
2544,0.0
2545,0.0030312035646235217
2546,0.0
2547,0.03323639592137766
2548,0.0
2549,0.0030312035646235217
2550,0.0
2551,0.03323639592137766
2552,0.0
2553,0.0030312035646235217
2554,0.0
2555,0.03323639592137766
2556,0.0
2557,0.0030312035646235217
2558,0.0
2559,0.03323639592137766
2560,0.0
2561,0.0030312035646235217
2562,0.0
2563,0.008750801094045675
2564,0.0
2565,0.0030312035646235217
2566,0.0
2567,0.008750801094045675
2568,0.0
2569,0.0030312035646235217
2570,0.0
2571,0.008750801094045675
2572,0.0
2573,0.0030312035646235217
2574,0.0
2575,0.008750801094045675
2576,0.0
2577,0.0030312035646235217
2578,0.0
2579,0.018322162770990382
2580,0.0
2581,0.0030312035646235217
2582,0.0
2583,0.018322162770990382
2584,0.0
2585,0.0030312035646235217
2586,0.0
2587,0.018322162770990382
2588,0.0
2589,0.0030312035646235217
2590,0.0
2591,0.018322162770990382
2592,0.0
2593,0.0030312035646235217
2594,0.0
2595,0.008750801094045675
2596,0.0
2597,0.0030312035646235217
2598,0.0
2599,0.008750801094045675
2600,0.0
2601,0.0030312035646235217
2602,0.0
2603,0.008750801094045675
2604,0.0
2605,0.0030312035646235217
2606,0.0
2607,0.008750801094045675
2608,0.0
2609,0.0030312035646235217
2610,0.0
2611,0.05538000407763952
2612,0.0
2613,0.0030312035646235217
2614,0.0
2615,0.0871134697928588
2616,0.0
2617,0.0030312035646235217
2618,0.0
2619,0.05538000407763952
2620,0.0
2621,0.0030312035646235217
2622,0.0
2623,0.0871134697928588
2624,0.0
2625,0.0030312035646235217
2626,0.0
2627,0.008750801094045675
2628,0.0
2629,0.0030312035646235217
2630,0.0
2631,0.008750801094045675
2632,0.0
2633,0.0030312035646235217
2634,0.0
2635,0.008750801094045675
2636,0.0
2637,0.0030312035646235217
2638,0.0
2639,0.008750801094045675
2640,0.0
2641,0.0030312035646235217
2642,0.0
2643,0.018322162770990382
2644,0.0
2645,0.0030312035646235217
2646,0.0
2647,0.018322162770990382
2648,0.0
2649,0.0030312035646235217
2650,0.0
2651,0.018322162770990382
2652,0.0
2653,0.0030312035646235217
2654,0.0
2655,0.018322162770990382
2656,0.0
2657,0.0030312035646235217
2658,0.0
2659,0.008750801094045675
2660,0.0
2661,0.0030312035646235217
2662,0.0
2663,0.008750801094045675
2664,0.0
2665,0.0030312035646235217
2666,0.0
2667,0.008750801094045675
2668,0.0
2669,0.0030312035646235217
2670,0.0
2671,0.008750801094045675
2672,0.0
2673,0.0030312035646235217
2674,0.0
2675,0.05538000407763952
2676,0.0
2677,0.0030312035646235217
2678,0.0
2679,0.0871134697928588
2680,0.0
2681,0.0030312035646235217
2682,0.0
2683,0.05538000407763952
2684,0.0
2685,0.0030312035646235217
2686,0.0
2687,0.0871134697928588
2688,0.0
2689,0.0030312035646235217
2690,0.0
2691,0.008750801094045675
2692,0.0
2693,0.0030312035646235217
2694,0.0
2695,0.008750801094045675
2696,0.0
2697,0.0030312035646235217
2698,0.0
2699,0.008750801094045675
2700,0.0
2701,0.0030312035646235217
2702,0.0
2703,0.008750801094045675
2704,0.0
2705,0.0030312035646235217
2706,0.0
2707,0.018322162770990382
2708,0.0
2709,0.0030312035646235217
2710,0.0
2711,0.018322162770990382
2712,0.0
2713,0.0030312035646235217
2714,0.0
2715,0.018322162770990382
2716,0.0
2717,0.0030312035646235217
2718,0.0
2719,0.018322162770990382
2720,0.0
2721,0.0030312035646235217
2722,0.0
2723,0.008750801094045675
2724,0.0
2725,0.0030312035646235217
2726,0.0
2727,0.008750801094045675
2728,0.0
2729,0.0030312035646235217
2730,0.0
2731,0.008750801094045675
2732,0.0
2733,0.0030312035646235217
2734,0.0
2735,0.008750801094045675
2736,0.0
2737,0.0030312035646235217
2738,0.0
2739,0.05538000407763952
2740,0.0
2741,0.0030312035646235217
2742,0.0
2743,0.0871134697928588
2744,0.0
2745,0.0030312035646235217
2746,0.0
2747,0.05538000407763952
2748,0.0
2749,0.0030312035646235217
2750,0.0
2751,0.0871134697928588
2752,0.0
2753,0.0030312035646235217
2754,0.0
2755,0.008750801094045675
2756,0.0
2757,0.0030312035646235217
2758,0.0
2759,0.008750801094045675
2760,0.0
2761,0.0030312035646235217
2762,0.0
2763,0.008750801094045675
2764,0.0
2765,0.0030312035646235217
2766,0.0
2767,0.008750801094045675
2768,0.0
2769,0.0030312035646235217
2770,0.0
2771,0.018322162770990382
2772,0.0
2773,0.0030312035646235217
2774,0.0
2775,0.018322162770990382
2776,0.0
2777,0.0030312035646235217
2778,0.0
2779,0.018322162770990382
2780,0.0
2781,0.0030312035646235217
2782,0.0
2783,0.018322162770990382
2784,0.0
2785,0.0030312035646235217
2786,0.0
2787,0.008750801094045675
2788,0.0
2789,0.0030312035646235217
2790,0.0
2791,0.008750801094045675
2792,0.0
2793,0.0030312035646235217
2794,0.0
2795,0.008750801094045675
2796,0.0
2797,0.0030312035646235217
2798,0.0
2799,0.008750801094045675
2800,0.0
2801,0.0030312035646235217
2802,0.0
2803,0.05538000407763952
2804,0.0
2805,0.0030312035646235217
2806,0.0
2807,0.0871134697928588
2808,0.0
2809,0.0030312035646235217
2810,0.0
2811,0.05538000407763952
2812,0.0
2813,0.0030312035646235217
2814,0.0
2815,0.0871134697928588
2816,0.0
2817,0.0030312035646235217
2818,0.0
2819,0.008750801094045675
2820,0.0
2821,0.0030312035646235217
2822,0.0
2823,0.008750801094045675
2824,0.0
2825,0.0030312035646235217
2826,0.0
2827,0.008750801094045675
2828,0.0
2829,0.0030312035646235217
2830,0.0
2831,0.008750801094045675
2832,0.0
2833,0.0030312035646235217
2834,0.0
2835,0.018322162770990382
2836,0.0
2837,0.0030312035646235217
2838,0.0
2839,0.018322162770990382
2840,0.0
2841,0.0030312035646235217
2842,0.0
2843,0.018322162770990382
2844,0.0
2845,0.0030312035646235217
2846,0.0
2847,0.018322162770990382
2848,0.0
2849,0.0030312035646235217
2850,0.0
2851,0.008750801094045675
2852,0.0
2853,0.0030312035646235217
2854,0.0
2855,0.008750801094045675
2856,0.0
2857,0.0030312035646235217
2858,0.0
2859,0.008750801094045675
2860,0.0
2861,0.0030312035646235217
2862,0.0
2863,0.008750801094045675
2864,0.0
2865,0.0030312035646235217
2866,0.0
2867,0.05538000407763952
2868,0.0
2869,0.0030312035646235217
2870,0.0
2871,0.0871134697928588
2872,0.0
2873,0.0030312035646235217
2874,0.0
2875,0.05538000407763952
2876,0.0
2877,0.0030312035646235217
2878,0.0
2879,0.0871134697928588
2880,0.0
2881,0.0030312035646235217
2882,0.0
2883,0.008750801094045675
2884,0.0
2885,0.0030312035646235217
2886,0.0
2887,0.008750801094045675
2888,0.0
2889,0.0030312035646235217
2890,0.0
2891,0.008750801094045675
2892,0.0
2893,0.0030312035646235217
2894,0.0
2895,0.008750801094045675
2896,0.0
2897,0.0030312035646235217
2898,0.0
2899,0.018322162770990382
2900,0.0
2901,0.0030312035646235217
2902,0.0
2903,0.018322162770990382
2904,0.0
2905,0.0030312035646235217
2906,0.0
2907,0.018322162770990382
2908,0.0
2909,0.0030312035646235217
2910,0.0
2911,0.018322162770990382
2912,0.0
2913,0.0030312035646235217
2914,0.0
2915,0.008750801094045675
2916,0.0
2917,0.0030312035646235217
2918,0.0
2919,0.008750801094045675
2920,0.0
2921,0.0030312035646235217
2922,0.0
2923,0.008750801094045675
2924,0.0
2925,0.0030312035646235217
2926,0.0
2927,0.008750801094045675
2928,0.0
2929,0.0030312035646235217
2930,0.0
2931,0.05538000407763952
2932,0.0
2933,0.0030312035646235217
2934,0.0
2935,0.0871134697928588
2936,0.0
2937,0.0030312035646235217
2938,0.0
2939,0.05538000407763952
2940,0.0
2941,0.0030312035646235217
2942,0.0
2943,0.0871134697928588
2944,0.0
2945,0.0030312035646235217
2946,0.0
2947,0.008750801094045675
2948,0.0
2949,0.0030312035646235217
2950,0.0
2951,0.008750801094045675
2952,0.0
2953,0.0030312035646235217
2954,0.0
2955,0.008750801094045675
2956,0.0
2957,0.0030312035646235217
2958,0.0
2959,0.008750801094045675
2960,0.0
2961,0.0030312035646235217
2962,0.0
2963,0.018322162770990382
2964,0.0
2965,0.0030312035646235217
2966,0.0
2967,0.018322162770990382
2968,0.0
2969,0.0030312035646235217
2970,0.0
2971,0.018322162770990382
2972,0.0
2973,0.0030312035646235217
2974,0.0
2975,0.018322162770990382
2976,0.0
2977,0.0030312035646235217
2978,0.0
2979,0.008750801094045675
2980,0.0
2981,0.0030312035646235217
2982,0.0
2983,0.008750801094045675
2984,0.0
2985,0.0030312035646235217
2986,0.0
2987,0.008750801094045675
2988,0.0
2989,0.0030312035646235217
2990,0.0
2991,0.008750801094045675
2992,0.0
2993,0.0030312035646235217
2994,0.0
2995,0.05538000407763952
2996,0.0
2997,0.0030312035646235217
2998,0.0
2999,0.0871134697928588
3000,0.0
3001,0.0030312035646235217
3002,0.0
3003,0.05538000407763952
3004,0.0
3005,0.0030312035646235217
3006,0.0
3007,0.0871134697928588
3008,0.0
3009,0.0030312035646235217
3010,0.0
3011,0.008750801094045675
3012,0.0
3013,0.0030312035646235217
3014,0.0
3015,0.008750801094045675
3016,0.0
3017,0.0030312035646235217
3018,0.0
3019,0.008750801094045675
3020,0.0
3021,0.0030312035646235217
3022,0.0
3023,0.008750801094045675
3024,0.0
3025,0.0030312035646235217
3026,0.0
3027,0.018322162770990382
3028,0.0
3029,0.0030312035646235217
3030,0.0
3031,0.018322162770990382
3032,0.0
3033,0.0030312035646235217
3034,0.0
3035,0.018322162770990382
3036,0.0
3037,0.0030312035646235217
3038,0.0
3039,0.018322162770990382
3040,0.0
3041,0.0030312035646235217
3042,0.0
3043,0.008750801094045675
3044,0.0
3045,0.0030312035646235217
3046,0.0
3047,0.008750801094045675
3048,0.0
3049,0.0030312035646235217
3050,0.0
3051,0.008750801094045675
3052,0.0
3053,0.0030312035646235217
3054,0.0
3055,0.008750801094045675
3056,0.0
3057,0.0030312035646235217
3058,0.0
3059,0.05538000407763952
3060,0.0
3061,0.0030312035646235217
3062,0.0
3063,0.0871134697928588
3064,0.0
3065,0.0030312035646235217
3066,0.0
3067,0.05538000407763952
3068,0.0
3069,0.0030312035646235217
3070,0.0
3071,0.0871134697928588
3072,0.0
3073,0.0030312035646235217
3074,0.0
3075,0.008750801094045675
3076,0.0
3077,0.0030312035646235217
3078,0.0
3079,0.008750801094045675
3080,0.0
3081,0.0030312035646235217
3082,0.0
3083,0.008750801094045675
3084,0.0
3085,0.0030312035646235217
3086,0.0
3087,0.008750801094045675
3088,0.0
3089,0.0030312035646235217
3090,0.0
3091,0.018322162770990382
3092,0.0
3093,0.0030312035646235217
3094,0.0
3095,0.018322162770990382
3096,0.0
3097,0.0030312035646235217
3098,0.0
3099,0.018322162770990382
3100,0.0
3101,0.0030312035646235217
3102,0.0
3103,0.018322162770990382
3104,0.0
3105,0.0030312035646235217
3106,0.0
3107,0.008750801094045675
3108,0.0
3109,0.0030312035646235217
3110,0.0
3111,0.008750801094045675
3112,0.0
3113,0.0030312035646235217
3114,0.0
3115,0.008750801094045675
3116,0.0
3117,0.0030312035646235217
3118,0.0
3119,0.008750801094045675
3120,0.0
3121,0.0030312035646235217
3122,0.0
3123,0.03323639592137766
3124,0.0
3125,0.0030312035646235217
3126,0.0
3127,0.03323639592137766
3128,0.0
3129,0.0030312035646235217
3130,0.0
3131,0.03323639592137766
3132,0.0
3133,0.0030312035646235217
3134,0.0
3135,0.03323639592137766
3136,0.0
3137,0.0030312035646235217
3138,0.0
3139,0.008750801094045675
3140,0.0
3141,0.0030312035646235217
3142,0.0
3143,0.008750801094045675
3144,0.0
3145,0.0030312035646235217
3146,0.0
3147,0.008750801094045675
3148,0.0
3149,0.0030312035646235217
3150,0.0
3151,0.008750801094045675
3152,0.0
3153,0.0030312035646235217
3154,0.0
3155,0.018322162770990382
3156,0.0
3157,0.0030312035646235217
3158,0.0
3159,0.018322162770990382
3160,0.0
3161,0.0030312035646235217
3162,0.0
3163,0.018322162770990382
3164,0.0
3165,0.0030312035646235217
3166,0.0
3167,0.018322162770990382
3168,0.0
3169,0.0030312035646235217
3170,0.0
3171,0.008750801094045675
3172,0.0
3173,0.0030312035646235217
3174,0.0
3175,0.008750801094045675
3176,0.0
3177,0.0030312035646235217
3178,0.0
3179,0.008750801094045675
3180,0.0
3181,0.0030312035646235217
3182,0.0
3183,0.008750801094045675
3184,0.0
3185,0.0030312035646235217
3186,0.0
3187,0.03323639592137766
3188,0.0
3189,0.0030312035646235217
3190,0.0
3191,0.03323639592137766
3192,0.0
3193,0.0030312035646235217
3194,0.0
3195,0.03323639592137766
3196,0.0
3197,0.0030312035646235217
3198,0.0
3199,0.03323639592137766
3200,0.0
3201,0.0030312035646235217
3202,0.0
3203,0.008750801094045675
3204,0.0
3205,0.0030312035646235217
3206,0.0
3207,0.008750801094045675
3208,0.0
3209,0.0030312035646235217
3210,0.0
3211,0.008750801094045675
3212,0.0
3213,0.0030312035646235217
3214,0.0
3215,0.008750801094045675
3216,0.0
3217,0.0030312035646235217
3218,0.0
3219,0.018322162770990382
3220,0.0
3221,0.0030312035646235217
3222,0.0
3223,0.018322162770990382
3224,0.0
3225,0.0030312035646235217
3226,0.0
3227,0.018322162770990382
3228,0.0
3229,0.0030312035646235217
3230,0.0
3231,0.018322162770990382
3232,0.0
3233,0.0030312035646235217
3234,0.0
3235,0.008750801094045675
3236,0.0
3237,0.0030312035646235217
3238,0.0
3239,0.008750801094045675
3240,0.0
3241,0.0030312035646235217
3242,0.0
3243,0.008750801094045675
3244,0.0
3245,0.0030312035646235217
3246,0.0
3247,0.008750801094045675
3248,0.0
3249,0.0030312035646235217
3250,0.0
3251,0.03323639592137766
3252,0.0
3253,0.0030312035646235217
3254,0.0
3255,0.03323639592137766
3256,0.0
3257,0.0030312035646235217
3258,0.0
3259,0.03323639592137766
3260,0.0
3261,0.0030312035646235217
3262,0.0
3263,0.03323639592137766
3264,0.0
3265,0.0030312035646235217
3266,0.0
3267,0.008750801094045675
3268,0.0
3269,0.0030312035646235217
3270,0.0
3271,0.008750801094045675
3272,0.0
3273,0.0030312035646235217
3274,0.0
3275,0.008750801094045675
3276,0.0
3277,0.0030312035646235217
3278,0.0
3279,0.008750801094045675
3280,0.0
3281,0.0030312035646235217
3282,0.0
3283,0.018322162770990382
3284,0.0
3285,0.0030312035646235217
3286,0.0
3287,0.018322162770990382
3288,0.0
3289,0.0030312035646235217
3290,0.0
3291,0.018322162770990382
3292,0.0
3293,0.0030312035646235217
3294,0.0
3295,0.018322162770990382
3296,0.0
3297,0.0030312035646235217
3298,0.0
3299,0.008750801094045675
3300,0.0
3301,0.0030312035646235217
3302,0.0
3303,0.008750801094045675
3304,0.0
3305,0.0030312035646235217
3306,0.0
3307,0.008750801094045675
3308,0.0
3309,0.0030312035646235217
3310,0.0
3311,0.008750801094045675
3312,0.0
3313,0.0030312035646235217
3314,0.0
3315,0.03323639592137766
3316,0.0
3317,0.0030312035646235217
3318,0.0
3319,0.03323639592137766
3320,0.0
3321,0.0030312035646235217
3322,0.0
3323,0.03323639592137766
3324,0.0
3325,0.0030312035646235217
3326,0.0
3327,0.03323639592137766
3328,0.0
3329,0.0030312035646235217
3330,0.0
3331,0.008750801094045675
3332,0.0
3333,0.0030312035646235217
3334,0.0
3335,0.008750801094045675
3336,0.0
3337,0.0030312035646235217
3338,0.0
3339,0.008750801094045675
3340,0.0
3341,0.0030312035646235217
3342,0.0
3343,0.008750801094045675
3344,0.0
3345,0.0030312035646235217
3346,0.0
3347,0.018322162770990382
3348,0.0
3349,0.0030312035646235217
3350,0.0
3351,0.018322162770990382
3352,0.0
3353,0.0030312035646235217
3354,0.0
3355,0.018322162770990382
3356,0.0
3357,0.0030312035646235217
3358,0.0
3359,0.018322162770990382
3360,0.0
3361,0.0030312035646235217
3362,0.0
3363,0.008750801094045675
3364,0.0
3365,0.0030312035646235217
3366,0.0
3367,0.008750801094045675
3368,0.0
3369,0.0030312035646235217
3370,0.0
3371,0.008750801094045675
3372,0.0
3373,0.0030312035646235217
3374,0.0
3375,0.008750801094045675
3376,0.0
3377,0.0030312035646235217
3378,0.0
3379,0.03323639592137766
3380,0.0
3381,0.0030312035646235217
3382,0.0
3383,0.03323639592137766
3384,0.0
3385,0.0030312035646235217
3386,0.0
3387,0.03323639592137766
3388,0.0
3389,0.0030312035646235217
3390,0.0
3391,0.03323639592137766
3392,0.0
3393,0.0030312035646235217
3394,0.0
3395,0.008750801094045675
3396,0.0
3397,0.0030312035646235217
3398,0.0
3399,0.008750801094045675
3400,0.0
3401,0.0030312035646235217
3402,0.0
3403,0.008750801094045675
3404,0.0
3405,0.0030312035646235217
3406,0.0
3407,0.008750801094045675
3408,0.0
3409,0.0030312035646235217
3410,0.0
3411,0.018322162770990382
3412,0.0
3413,0.0030312035646235217
3414,0.0
3415,0.018322162770990382
3416,0.0
3417,0.0030312035646235217
3418,0.0
3419,0.018322162770990382
3420,0.0
3421,0.0030312035646235217
3422,0.0
3423,0.018322162770990382
3424,0.0
3425,0.0030312035646235217
3426,0.0
3427,0.008750801094045675
3428,0.0
3429,0.0030312035646235217
3430,0.0
3431,0.008750801094045675
3432,0.0
3433,0.0030312035646235217
3434,0.0
3435,0.008750801094045675
3436,0.0
3437,0.0030312035646235217
3438,0.0
3439,0.008750801094045675
3440,0.0
3441,0.0030312035646235217
3442,0.0
3443,0.03323639592137766
3444,0.0
3445,0.0030312035646235217
3446,0.0
3447,0.03323639592137766
3448,0.0
3449,0.0030312035646235217
3450,0.0
3451,0.03323639592137766
3452,0.0
3453,0.0030312035646235217
3454,0.0
3455,0.03323639592137766
3456,0.0
3457,0.0030312035646235217
3458,0.0
3459,0.008750801094045675
3460,0.0
3461,0.0030312035646235217
3462,0.0
3463,0.008750801094045675
3464,0.0
3465,0.0030312035646235217
3466,0.0
3467,0.008750801094045675
3468,0.0
3469,0.0030312035646235217
3470,0.0
3471,0.008750801094045675
3472,0.0
3473,0.0030312035646235217
3474,0.0
3475,0.018322162770990382
3476,0.0
3477,0.0030312035646235217
3478,0.0
3479,0.018322162770990382
3480,0.0
3481,0.0030312035646235217
3482,0.0
3483,0.018322162770990382
3484,0.0
3485,0.0030312035646235217
3486,0.0
3487,0.018322162770990382
3488,0.0
3489,0.0030312035646235217
3490,0.0
3491,0.008750801094045675
3492,0.0
3493,0.0030312035646235217
3494,0.0
3495,0.008750801094045675
3496,0.0
3497,0.0030312035646235217
3498,0.0
3499,0.008750801094045675
3500,0.0
3501,0.0030312035646235217
3502,0.0
3503,0.008750801094045675
3504,0.0
3505,0.0030312035646235217
3506,0.0
3507,0.03323639592137766
3508,0.0
3509,0.0030312035646235217
3510,0.0
3511,0.03323639592137766
3512,0.0
3513,0.0030312035646235217
3514,0.0
3515,0.03323639592137766
3516,0.0
3517,0.0030312035646235217
3518,0.0
3519,0.03323639592137766
3520,0.0
3521,0.0030312035646235217
3522,0.0
3523,0.008750801094045675
3524,0.0
3525,0.0030312035646235217
3526,0.0
3527,0.008750801094045675
3528,0.0
3529,0.0030312035646235217
3530,0.0
3531,0.008750801094045675
3532,0.0
3533,0.0030312035646235217
3534,0.0
3535,0.008750801094045675
3536,0.0
3537,0.0030312035646235217
3538,0.0
3539,0.018322162770990382
3540,0.0
3541,0.0030312035646235217
3542,0.0
3543,0.018322162770990382
3544,0.0
3545,0.0030312035646235217
3546,0.0
3547,0.018322162770990382
3548,0.0
3549,0.0030312035646235217
3550,0.0
3551,0.018322162770990382
3552,0.0
3553,0.0030312035646235217
3554,0.0
3555,0.008750801094045675
3556,0.0
3557,0.0030312035646235217
3558,0.0
3559,0.008750801094045675
3560,0.0
3561,0.0030312035646235217
3562,0.0
3563,0.008750801094045675
3564,0.0
3565,0.0030312035646235217
3566,0.0
3567,0.008750801094045675
3568,0.0
3569,0.0030312035646235217
3570,0.0
3571,0.03323639592137766
3572,0.0
3573,0.0030312035646235217
3574,0.0
3575,0.03323639592137766
3576,0.0
3577,0.0030312035646235217
3578,0.0
3579,0.03323639592137766
3580,0.0
3581,0.0030312035646235217
3582,0.0
3583,0.03323639592137766
3584,0.0
3585,0.0030312035646235217
3586,0.0
3587,0.008750801094045675
3588,0.0
3589,0.0030312035646235217
3590,0.0
3591,0.008750801094045675
3592,0.0
3593,0.0030312035646235217
3594,0.0
3595,0.008750801094045675
3596,0.0
3597,0.0030312035646235217
3598,0.0
3599,0.008750801094045675
3600,0.0
3601,0.0030312035646235217
3602,0.0
3603,0.018322162770990382
3604,0.0
3605,0.0030312035646235217
3606,0.0
3607,0.018322162770990382
3608,0.0
3609,0.0030312035646235217
3610,0.0
3611,0.018322162770990382
3612,0.0
3613,0.0030312035646235217
3614,0.0
3615,0.018322162770990382
3616,0.0
3617,0.0030312035646235217
3618,0.0
3619,0.008750801094045675
3620,0.0
3621,0.0030312035646235217
3622,0.0
3623,0.008750801094045675
3624,0.0
3625,0.0030312035646235217
3626,0.0
3627,0.008750801094045675
3628,0.0
3629,0.0030312035646235217
3630,0.0
3631,0.008750801094045675
3632,0.0
3633,0.0030312035646235217
3634,0.0
3635,0.05538000407763952
3636,0.0
3637,0.0030312035646235217
3638,0.0
3639,0.13136219863943163
3640,0.0
3641,0.0030312035646235217
3642,0.0
3643,0.05538000407763952
3644,0.0
3645,0.0030312035646235217
3646,0.0
3647,0.27257681751137874
3648,0.0
3649,0.0030312035646235217
3650,0.0
3651,0.008750801094045675
3652,0.0
3653,0.0030312035646235217
3654,0.0
3655,0.008750801094045675
3656,0.0
3657,0.0030312035646235217
3658,0.0
3659,0.008750801094045675
3660,0.0
3661,0.0030312035646235217
3662,0.0
3663,0.008750801094045675
3664,0.0
3665,0.0030312035646235217
3666,0.0
3667,0.018322162770990382
3668,0.0
3669,0.0030312035646235217
3670,0.0
3671,0.018322162770990382
3672,0.0
3673,0.0030312035646235217
3674,0.0
3675,0.018322162770990382
3676,0.0
3677,0.0030312035646235217
3678,0.0
3679,0.018322162770990382
3680,0.0
3681,0.0030312035646235217
3682,0.0
3683,0.008750801094045675
3684,0.0
3685,0.0030312035646235217
3686,0.0
3687,0.008750801094045675
3688,0.0
3689,0.0030312035646235217
3690,0.0
3691,0.008750801094045675
3692,0.0
3693,0.0030312035646235217
3694,0.0
3695,0.008750801094045675
3696,0.0
3697,0.0030312035646235217
3698,0.0
3699,0.05538000407763952
3700,0.0
3701,0.0030312035646235217
3702,0.0
3703,0.13136219863943163
3704,0.0
3705,0.0030312035646235217
3706,0.0
3707,0.05538000407763952
3708,0.0
3709,0.0030312035646235217
3710,0.0
3711,0.3792428391516722
3712,0.0
3713,0.0030312035646235217
3714,0.0
3715,0.008750801094045675
3716,0.0
3717,0.0030312035646235217
3718,0.0
3719,0.008750801094045675
3720,0.0
3721,0.0030312035646235217
3722,0.0
3723,0.008750801094045675
3724,0.0
3725,0.0030312035646235217
3726,0.0
3727,0.008750801094045675
3728,0.0
3729,0.0030312035646235217
3730,0.0
3731,0.018322162770990382
3732,0.0
3733,0.0030312035646235217
3734,0.0
3735,0.018322162770990382
3736,0.0
3737,0.0030312035646235217
3738,0.0
3739,0.018322162770990382
3740,0.0
3741,0.0030312035646235217
3742,0.0
3743,0.018322162770990382
3744,0.0
3745,0.0030312035646235217
3746,0.0
3747,0.008750801094045675
3748,0.0
3749,0.0030312035646235217
3750,0.0
3751,0.008750801094045675
3752,0.0
3753,0.0030312035646235217
3754,0.0
3755,0.008750801094045675
3756,0.0
3757,0.0030312035646235217
3758,0.0
3759,0.008750801094045675
3760,0.0
3761,0.0030312035646235217
3762,0.0
3763,0.05538000407763952
3764,0.0
3765,0.0030312035646235217
3766,0.0
3767,0.13136219863943163
3768,0.0
3769,0.0030312035646235217
3770,0.0
3771,0.05538000407763952
3772,0.0
3773,0.0030312035646235217
3774,0.0
3775,0.27257681751137874
3776,0.0
3777,0.0030312035646235217
3778,0.0
3779,0.008750801094045675
3780,0.0
3781,0.0030312035646235217
3782,0.0
3783,0.008750801094045675
3784,0.0
3785,0.0030312035646235217
3786,0.0
3787,0.008750801094045675
3788,0.0
3789,0.0030312035646235217
3790,0.0
3791,0.008750801094045675
3792,0.0
3793,0.0030312035646235217
3794,0.0
3795,0.018322162770990382
3796,0.0
3797,0.0030312035646235217
3798,0.0
3799,0.018322162770990382
3800,0.0
3801,0.0030312035646235217
3802,0.0
3803,0.018322162770990382
3804,0.0
3805,0.0030312035646235217
3806,0.0
3807,0.018322162770990382
3808,0.0
3809,0.0030312035646235217
3810,0.0
3811,0.008750801094045675
3812,0.0
3813,0.0030312035646235217
3814,0.0
3815,0.008750801094045675
3816,0.0
3817,0.0030312035646235217
3818,0.0
3819,0.008750801094045675
3820,0.0
3821,0.0030312035646235217
3822,0.0
3823,0.008750801094045675
3824,0.0
3825,0.0030312035646235217
3826,0.0
3827,0.05538000407763952
3828,0.0
3829,0.0030312035646235217
3830,0.0
3831,0.13136219863943163
3832,0.0
3833,0.0030312035646235217
3834,0.0
3835,0.05538000407763952
3836,0.0
3837,0.0030312035646235217
3838,0.0
3839,0.3792428391516722
3840,0.0
3841,0.0030312035646235217
3842,0.0
3843,0.008750801094045675
3844,0.0
3845,0.0030312035646235217
3846,0.0
3847,0.008750801094045675
3848,0.0
3849,0.0030312035646235217
3850,0.0
3851,0.008750801094045675
3852,0.0
3853,0.0030312035646235217
3854,0.0
3855,0.008750801094045675
3856,0.0
3857,0.0030312035646235217
3858,0.0
3859,0.018322162770990382
3860,0.0
3861,0.0030312035646235217
3862,0.0
3863,0.018322162770990382
3864,0.0
3865,0.0030312035646235217
3866,0.0
3867,0.018322162770990382
3868,0.0
3869,0.0030312035646235217
3870,0.0
3871,0.018322162770990382
3872,0.0
3873,0.0030312035646235217
3874,0.0
3875,0.008750801094045675
3876,0.0
3877,0.0030312035646235217
3878,0.0
3879,0.008750801094045675
3880,0.0
3881,0.0030312035646235217
3882,0.0
3883,0.008750801094045675
3884,0.0
3885,0.0030312035646235217
3886,0.0
3887,0.008750801094045675
3888,0.0
3889,0.0030312035646235217
3890,0.0
3891,0.05538000407763952
3892,0.0
3893,0.0030312035646235217
3894,0.0
3895,0.13136219863943163
3896,0.0
3897,0.0030312035646235217
3898,0.0
3899,0.05538000407763952
3900,0.0
3901,0.0030312035646235217
3902,0.0
3903,0.27257681751137874
3904,0.0
3905,0.0030312035646235217
3906,0.0
3907,0.008750801094045675
3908,0.0
3909,0.0030312035646235217
3910,0.0
3911,0.008750801094045675
3912,0.0
3913,0.0030312035646235217
3914,0.0
3915,0.008750801094045675
3916,0.0
3917,0.0030312035646235217
3918,0.0
3919,0.008750801094045675
3920,0.0
3921,0.0030312035646235217
3922,0.0
3923,0.018322162770990382
3924,0.0
3925,0.0030312035646235217
3926,0.0
3927,0.018322162770990382
3928,0.0
3929,0.0030312035646235217
3930,0.0
3931,0.018322162770990382
3932,0.0
3933,0.0030312035646235217
3934,0.0
3935,0.018322162770990382
3936,0.0
3937,0.0030312035646235217
3938,0.0
3939,0.008750801094045675
3940,0.0
3941,0.0030312035646235217
3942,0.0
3943,0.008750801094045675
3944,0.0
3945,0.0030312035646235217
3946,0.0
3947,0.008750801094045675
3948,0.0
3949,0.0030312035646235217
3950,0.0
3951,0.008750801094045675
3952,0.0
3953,0.0030312035646235217
3954,0.0
3955,0.05538000407763952
3956,0.0
3957,0.0030312035646235217
3958,0.0
3959,0.13136219863943163
3960,0.0
3961,0.0030312035646235217
3962,0.0
3963,0.05538000407763952
3964,0.0
3965,0.0030312035646235217
3966,0.0
3967,0.5181208697838473
3968,0.0
3969,0.0030312035646235217
3970,0.0
3971,0.008750801094045675
3972,0.0
3973,0.0030312035646235217
3974,0.0
3975,0.008750801094045675
3976,0.0
3977,0.0030312035646235217
3978,0.0
3979,0.008750801094045675
3980,0.0
3981,0.0030312035646235217
3982,0.0
3983,0.008750801094045675
3984,0.0
3985,0.0030312035646235217
3986,0.0
3987,0.018322162770990382
3988,0.0
3989,0.0030312035646235217
3990,0.0
3991,0.018322162770990382
3992,0.0
3993,0.0030312035646235217
3994,0.0
3995,0.018322162770990382
3996,0.0
3997,0.0030312035646235217
3998,0.0
3999,0.018322162770990382
4000,0.0
4001,0.0030312035646235217
4002,0.0
4003,0.008750801094045675
4004,0.0
4005,0.0030312035646235217
4006,0.0
4007,0.008750801094045675
4008,0.0
4009,0.0030312035646235217
4010,0.0
4011,0.008750801094045675
4012,0.0
4013,0.0030312035646235217
4014,0.0
4015,0.008750801094045675
4016,0.0
4017,0.0030312035646235217
4018,0.0
4019,0.05538000407763952
4020,0.0
4021,0.0030312035646235217
4022,0.0
4023,0.13136219863943163
4024,0.0
4025,0.0030312035646235217
4026,0.0
4027,0.05538000407763952
4028,0.0
4029,0.0030312035646235217
4030,0.0
4031,0.27257681751137874
4032,0.0
4033,0.0030312035646235217
4034,0.0
4035,0.008750801094045675
4036,0.0
4037,0.0030312035646235217
4038,0.0
4039,0.008750801094045675
4040,0.0
4041,0.0030312035646235217
4042,0.0
4043,0.008750801094045675
4044,0.0
4045,0.0030312035646235217
4046,0.0
4047,0.008750801094045675
4048,0.0
4049,0.0030312035646235217
4050,0.0
4051,0.018322162770990382
4052,0.0
4053,0.0030312035646235217
4054,0.0
4055,0.018322162770990382
4056,0.0
4057,0.0030312035646235217
4058,0.0
4059,0.018322162770990382
4060,0.0
4061,0.0030312035646235217
4062,0.0
4063,0.018322162770990382
4064,0.0
4065,0.0030312035646235217
4066,0.0
4067,0.008750801094045675
4068,0.0
4069,0.0030312035646235217
4070,0.0
4071,0.008750801094045675
4072,0.0
4073,0.0030312035646235217
4074,0.0
4075,0.008750801094045675
4076,0.0
4077,0.0030312035646235217
4078,0.0
4079,0.008750801094045675
4080,0.0
4081,0.0030312035646235217
4082,0.0
4083,0.05538000407763952
4084,0.0
4085,0.0030312035646235217
4086,0.0
4087,0.13136219863943163
4088,0.0
4089,0.0030312035646235217
4090,0.0
4091,0.05538000407763952
4092,0.0
4093,0.0030312035646235217
4094,0.0
4095,1.0
