0;4
1;1025
2;18
3;1027
4;516
5;1029
6;134
7;6
8;12
9;41
10;2
11;43
12;13
13;269
14;6
15;13
16;18
17;1041
18;50
19;1043
20;52
21;53
22;54
23;22
24;56
25;57
26;58
27;59
28;60
29;61
30;62
31;63
32;48
33;41
34;50
35;51
36;52
37;45
38;54
39;55
40;41
41;57
42;58
43;59
44;60
45;61
46;62
47;63
48;50
49;57
50;562
51;59
52;54
53;61
54;182
55;63
56;57
57;61
58;59
59;187
60;61
61;61
62;190
63;191
64;66
65;1089
66;82
67;1091
68;4
69;1093
70;6
71;1095
72;73
73;329
74;66
75;91
76;12
77;13
78;70
79;207
80;82
81;1105
82;1106
83;1107
84;86
85;1109
86;214
87;1111
88;120
89;121
90;122
91;123
92;124
93;125
94;126
95;127
96;112
97;113
98;114
99;115
100;116
101;109
102;118
103;119
104;120
105;41
106;122
107;123
108;124
109;125
110;126
111;127
112;114
113;121
114;50
115;123
116;124
117;125
118;54
119;247
120;124
121;57
122;58
123;59
124;125
125;61
126;254
127;255
128;130
129;137
130;134
131;130
132;134
133;135
134;646
135;134
136;2184
137;169
138;130
139;2187
140;2188
141;13
142;134
143;2191
144;146
145;144
146;178
147;146
148;150
149;181
150;182
151;183
152;184
153;185
154;186
155;187
156;188
157;189
158;190
159;191
160;162
161;169
162;178
163;179
164;180
165;173
166;182
167;183
168;184
169;185
170;186
171;187
172;188
173;189
174;190
175;191
176;178
177;185
178;690
179;187
180;182
181;189
182;694
183;191
184;186
185;187
186;187
187;191
188;190
189;191
190;191
191;191
192;194
193;195
194;210
195;1219
196;198
197;199
198;134
199;1223
200;202
201;2249
202;194
203;219
204;140
205;141
206;198
207;2255
208;210
209;211
210;466
211;1235
212;214
213;215
214;246
215;1239
216;248
217;219
218;250
219;251
220;252
221;223
222;254
223;255
224;240
225;227
226;242
227;243
228;230
229;231
230;246
231;247
232;248
233;169
234;250
235;251
236;252
237;239
238;254
239;255
240;242
241;243
242;178
243;251
244;246
245;247
246;182
247;255
248;250
249;185
250;186
251;187
252;254
253;255
254;190
255;191
256;260
257;1281
258;274
259;1283
260;772
261;1285
262;390
263;262
264;268
265;269
266;258
267;283
268;269
269;269
270;262
271;269
272;274
273;1297
274;786
275;1299
276;788
277;1301
278;274
279;278
280;281
281;313
282;274
283;411
284;285
285;317
286;278
287;415
288;290
289;297
290;258
291;299
292;260
293;301
294;262
295;263
296;297
297;313
298;314
299;315
300;268
301;317
302;318
303;319
304;306
305;313
306;50
307;315
308;52
309;317
310;54
311;319
312;313
313;57
314;58
315;59
316;317
317;61
318;62
319;447
320;322
321;1345
322;1346
323;1347
324;326
325;1349
326;454
327;1351
328;329
329;333
330;322
331;347
332;333
333;269
334;326
335;463
336;338
337;1361
338;1362
339;1363
340;342
341;1365
342;470
343;1367
344;346
345;281
346;338
347;379
348;380
349;381
350;342
351;479
352;368
353;361
354;322
355;371
356;372
357;365
358;326
359;487
360;376
361;377
362;378
363;379
364;380
365;381
366;382
367;495
368;370
369;377
370;338
371;379
372;380
373;381
374;502
375;503
376;380
377;381
378;379
379;507
380;381
381;317
382;510
383;511
384;386
385;393
386;390
387;386
388;390
389;391
390;902
391;390
392;396
393;409
394;386
395;411
396;398
397;269
398;390
399;2447
400;402
401;400
402;914
403;402
404;406
405;404
406;390
407;406
408;410
409;411
410;402
411;443
412;414
413;415
414;406
415;447
416;418
417;425
418;386
419;427
420;388
421;429
422;390
423;391
424;425
425;441
426;442
427;443
428;396
429;445
430;446
431;447
432;434
433;441
434;178
435;443
436;438
437;445
438;182
439;447
440;442
441;185
442;186
443;187
444;446
445;447
446;190
447;191
448;450
449;451
450;454
451;1475
452;454
453;455
454;390
455;1479
456;458
457;459
458;450
459;475
460;462
461;463
462;454
463;399
464;466
465;467
466;402
467;1491
468;470
469;471
470;470
471;1495
472;474
473;475
474;466
475;507
476;478
477;479
478;470
479;511
480;482
481;483
482;450
483;499
484;486
485;487
486;454
487;503
488;504
489;505
490;506
491;507
492;2540
493;495
494;510
495;511
496;498
497;499
498;466
499;507
500;502
501;503
502;246
503;511
504;506
505;507
506;507
507;511
508;510
509;511
510;511
511;255
512;516
513;512
514;530
515;514
516;2564
517;516
518;646
519;518
520;524
521;525
522;514
523;539
524;2572
525;2573
526;518
527;525
528;530
529;528
530;562
531;530
532;564
533;565
534;566
535;534
536;528
537;569
538;570
539;571
540;572
541;573
542;574
543;575
544;560
545;561
546;562
547;546
548;564
549;565
550;566
551;550
552;568
553;569
554;570
555;571
556;572
557;573
558;574
559;575
560;562
561;560
562;690
563;562
564;566
565;564
566;694
567;566
568;570
569;57
570;562
571;59
572;574
573;61
574;566
575;63
576;512
577;593
578;514
579;595
580;516
581;2629
582;518
583;711
584;520
585;841
586;602
587;603
588;524
589;525
590;526
591;719
592;528
593;595
594;530
595;594
596;532
597;629
598;726
599;727
600;536
601;633
602;594
603;635
604;636
605;637
606;638
607;735
608;624
609;625
610;546
611;627
612;628
613;629
614;630
615;631
616;632
617;633
618;634
619;635
620;636
621;637
622;638
623;639
624;560
625;561
626;562
627;755
628;564
629;565
630;566
631;759
632;568
633;569
634;570
635;123
636;572
637;125
638;574
639;767
640;642
641;640
642;646
643;642
644;646
645;644
646;902
647;646
648;652
649;137
650;642
651;667
652;644
653;525
654;646
655;143
656;658
657;656
658;690
659;658
660;662
661;660
662;694
663;662
664;656
665;697
666;698
667;699
668;700
669;701
670;702
671;703
672;674
673;689
674;690
675;674
676;692
677;693
678;694
679;695
680;696
681;169
682;698
683;699
684;700
685;701
686;702
687;703
688;690
689;691
690;694
691;690
692;694
693;695
694;694
695;694
696;698
697;185
698;690
699;187
700;702
701;189
702;694
703;191
704;640
705;707
706;642
707;723
708;644
709;711
710;646
711;967
712;648
713;969
714;730
715;731
716;652
717;719
718;654
719;735
720;656
721;723
722;658
723;722
724;726
725;727
726;662
727;759
728;730
729;731
730;722
731;763
732;734
733;735
734;766
735;767
736;752
737;753
738;674
739;755
740;742
741;743
742;758
743;759
744;760
745;761
746;762
747;763
748;764
749;765
750;766
751;767
752;688
753;755
754;690
755;759
756;758
757;759
758;694
759;247
760;696
761;763
762;698
763;251
764;766
765;767
766;702
767;255
768;772
769;768
770;786
771;770
772;774
773;772
774;902
775;774
776;780
777;781
778;770
779;795
780;772
781;269
782;774
783;781
784;786
785;784
786;914
787;786
788;2836
789;788
790;786
791;790
792;784
793;281
794;786
795;794
796;788
797;781
798;790
799;795
800;768
801;817
802;770
803;802
804;772
805;773
806;774
807;806
808;776
809;297
810;826
811;299
812;780
813;781
814;830
815;783
816;784
817;561
818;562
819;818
820;564
821;565
822;566
823;822
824;568
825;313
826;570
827;315
828;572
829;317
830;574
831;319
832;834
833;835
834;770
835;834
836;772
837;845
838;774
839;967
840;776
841;845
842;834
843;859
844;780
845;781
846;838
847;975
848;784
849;851
850;786
851;850
852;788
853;2901
854;982
855;983
856;792
857;859
858;850
859;987
860;892
861;893
862;854
863;991
864;880
865;881
866;834
867;883
868;884
869;885
870;838
871;999
872;888
873;889
874;890
875;891
876;892
877;365
878;894
879;895
880;882
881;885
882;818
883;1011
884;2932
885;893
886;822
887;1015
888;892
889;377
890;826
891;379
892;380
893;381
894;1022
895;1023
896;898
897;896
898;902
899;898
900;902
901;900
902;902
903;902
904;908
905;393
906;898
907;923
908;900
909;781
910;902
911;399
912;914
913;912
914;914
915;914
916;918
917;916
918;902
919;918
920;912
921;923
922;914
923;411
924;916
925;927
926;918
927;415
928;930
929;931
930;898
931;930
932;900
933;901
934;902
935;903
936;904
937;425
938;954
939;427
940;908
941;909
942;958
943;911
944;946
945;689
946;690
947;946
948;950
949;951
950;694
951;950
952;954
953;441
954;698
955;443
956;958
957;445
958;702
959;447
960;962
961;963
962;898
963;962
964;966
965;967
966;902
967;966
968;970
969;971
970;962
971;987
972;908
973;975
974;966
975;463
976;912
977;979
978;914
979;978
980;982
981;983
982;918
983;982
984;986
985;987
986;978
987;475
988;990
989;991
990;982
991;479
992;1008
993;995
994;962
995;1011
996;998
997;999
998;966
999;1015
1000;1016
1001;1017
1002;1018
1003;1019
1004;1020
1005;1007
1006;1022
1007;1023
1008;1010
1009;1011
1010;946
1011;1015
1012;1014
1013;1015
1014;950
1015;759
1016;1018
1017;1019
1018;1022
1019;507
1020;1022
1021;1023
1022;510
1023;511
1024;1028
1025;1029
1026;1042
1027;1043
1028;1284
1029;1285
1030;1286
1031;1030
1032;1036
1033;1065
1034;1026
1035;1027
1036;1028
1037;1029
1038;1030
1039;1031
1040;1042
1041;1297
1042;1298
1043;1107
1044;1076
1045;1077
1046;1078
1047;1043
1048;1080
1049;1081
1050;1082
1051;1083
1052;1084
1053;1085
1054;1086
1055;1087
1056;1072
1057;1073
1058;1074
1059;1075
1060;1076
1061;1077
1062;1078
1063;1079
1064;1080
1065;1081
1066;1082
1067;1083
1068;1084
1069;1085
1070;1086
1071;1087
1072;1074
1073;1081
1074;1074
1075;1083
1076;1078
1077;1085
1078;1074
1079;1078
1080;1081
1081;1085
1082;1083
1083;59
1084;1085
1085;61
1086;1082
1087;1085
1088;1090
1089;1105
1090;1106
1091;1107
1092;1028
1093;1349
1094;1030
1095;1351
1096;1032
1097;1089
1098;1090
1099;1091
1100;1036
1101;1037
1102;1094
1103;1095
1104;1106
1105;1107
1106;1362
1107;1363
1108;1109
1109;1365
1110;1106
1111;1107
1112;1144
1113;1105
1114;1106
1115;1107
1116;1148
1117;1149
1118;1110
1119;1111
1120;1136
1121;1137
1122;1138
1123;1139
1124;1140
1125;1141
1126;1142
1127;1143
1128;1144
1129;1065
1130;1146
1131;1147
1132;1148
1133;1149
1134;1150
1135;1151
1136;1138
1137;1105
1138;1074
1139;1107
1140;1148
1141;1077
1142;1078
1143;1271
1144;1148
1145;1081
1146;1082
1147;1083
1148;1149
1149;1085
1150;1086
1151;1087
1152;1154
1153;1155
1154;1158
1155;1171
1156;1158
1157;1029
1158;1414
1159;1415
1160;1672
1161;1193
1162;1154
1163;1155
1164;1036
1165;1037
1166;1158
1167;1159
1168;1170
1169;1171
1170;1042
1171;1235
1172;1174
1173;1045
1174;1206
1175;1239
1176;1208
1177;1209
1178;1210
1179;1211
1180;1212
1181;1213
1182;1214
1183;1215
1184;1186
1185;1201
1186;1202
1187;1203
1188;1204
1189;1205
1190;1206
1191;1207
1192;1208
1193;1209
1194;1210
1195;1211
1196;1212
1197;1069
1198;1214
1199;1215
1200;1202
1201;1209
1202;1714
1203;1211
1204;1206
1205;1077
1206;182
1207;1215
1208;1210
1209;1081
1210;186
1211;187
1212;1214
1213;1085
1214;190
1215;191
1216;1218
1217;1219
1218;1234
1219;1235
1220;1222
1221;1223
1222;1158
1223;1479
1224;1226
1225;1217
1226;1218
1227;1219
1228;1164
1229;1101
1230;1222
1231;1223
1232;1234
1233;1235
1234;1235
1235;1491
1236;1238
1237;1109
1238;1239
1239;1495
1240;1272
1241;1233
1242;1234
1243;1235
1244;1276
1245;1117
1246;1238
1247;1239
1248;1264
1249;1265
1250;1266
1251;1267
1252;1254
1253;1255
1254;1270
1255;1271
1256;1272
1257;1193
1258;1274
1259;1275
1260;1132
1261;1133
1262;1278
1263;1279
1264;1266
1265;1267
1266;1202
1267;1235
1268;1270
1269;1271
1270;1206
1271;1239
1272;1144
1273;1209
1274;1210
1275;251
1276;1148
1277;1149
1278;254
1279;255
1280;1284
1281;1285
1282;1298
1283;1299
1284;1286
1285;1285
1286;1286
1287;1286
1288;1292
1289;1293
1290;1282
1291;1283
1292;1284
1293;1285
1294;1286
1295;1287
1296;1298
1297;1299
1298;1298
1299;1363
1300;1284
1301;1365
1302;1298
1303;1299
1304;1296
1305;1297
1306;1298
1307;1299
1308;1300
1309;1341
1310;1302
1311;1307
1312;1280
1313;1281
1314;1282
1315;1283
1316;1284
1317;1285
1318;1286
1319;1287
1320;1321
1321;1337
1322;1338
1323;1339
1324;1292
1325;1341
1326;1342
1327;1343
1328;1296
1329;1297
1330;1298
1331;1299
1332;1076
1333;1077
1334;1078
1335;1079
1336;1337
1337;1081
1338;1082
1339;1083
1340;1341
1341;1085
1342;1086
1343;1087
1344;1346
1345;1347
1346;1362
1347;1363
1348;1349
1349;1365
1350;1286
1351;1347
1352;1344
1353;1345
1354;1346
1355;1347
1356;1292
1357;1349
1358;1350
1359;1351
1360;1362
1361;1363
1362;1363
1363;1363
1364;1365
1365;1365
1366;1362
1367;1363
1368;1370
1369;1361
1370;1362
1371;1363
1372;1404
1373;1365
1374;1366
1375;1367
1376;1392
1377;1345
1378;1346
1379;1347
1380;1396
1381;1349
1382;1350
1383;1351
1384;1400
1385;1401
1386;1402
1387;1403
1388;1404
1389;1405
1390;1406
1391;1407
1392;1394
1393;1361
1394;1362
1395;1363
1396;1404
1397;1365
1398;1366
1399;1367
1400;1404
1401;1405
1402;1146
1403;1147
1404;1405
1405;1341
1406;1150
1407;1405
1408;1410
1409;1411
1410;1414
1411;1415
1412;1414
1413;1285
1414;390
1415;1414
1416;1928
1417;1289
1418;1410
1419;1411
1420;1292
1421;1293
1422;1414
1423;1415
1424;1426
1425;1427
1426;1298
1427;1491
1428;1430
1429;1301
1430;1414
1431;1495
1432;1424
1433;1305
1434;1426
1435;1427
1436;1308
1437;1309
1438;1430
1439;1431
1440;1408
1441;1409
1442;1410
1443;1411
1444;1412
1445;1413
1446;1414
1447;1415
1448;1449
1449;1321
1450;1466
1451;1467
1452;1420
1453;1325
1454;1470
1455;1471
1456;1424
1457;1425
1458;1426
1459;1427
1460;1462
1461;1333
1462;1206
1463;1207
1464;1208
1465;1209
1466;1210
1467;1211
1468;1470
1469;1341
1470;1214
1471;1215
1472;1474
1473;1475
1474;1475
1475;1491
1476;1478
1477;1479
1478;1414
1479;1495
1480;1482
1481;1473
1482;1474
1483;1475
1484;1486
1485;1357
1486;1478
1487;1479
1488;1490
1489;1491
1490;1491
1491;1363
1492;1494
1493;1365
1494;1495
1495;1491
1496;1498
1497;1489
1498;1490
1499;1491
1500;1502
1501;1373
1502;1494
1503;1495
1504;1520
1505;1473
1506;1474
1507;1475
1508;1510
1509;1511
1510;1478
1511;1479
1512;1528
1513;1529
1514;1530
1515;1531
1516;1388
1517;1389
1518;1534
1519;1535
1520;1522
1521;1523
1522;1490
1523;1491
1524;1526
1525;1527
1526;502
1527;1495
1528;1400
1529;1531
1530;506
1531;507
1532;1404
1533;1405
1534;510
1535;511
1536;512
1537;1025
1538;514
1539;1027
1540;516
1541;1029
1542;518
1543;1031
1544;1548
1545;1033
1546;1562
1547;1035
1548;3596
1549;1037
1550;1678
1551;1550
1552;528
1553;1041
1554;530
1555;1043
1556;1588
1557;1589
1558;1590
1559;1047
1560;1816
1561;1049
1562;1594
1563;1051
1564;1596
1565;1597
1566;1598
1567;1599
1568;1584
1569;1585
1570;1586
1571;1587
1572;1588
1573;1589
1574;1590
1575;1591
1576;1592
1577;1065
1578;1594
1579;1067
1580;1596
1581;1069
1582;1598
1583;1599
1584;1586
1585;1073
1586;562
1587;1586
1588;564
1589;1077
1590;1718
1591;1590
1592;1080
1593;1081
1594;1082
1595;1083
1596;1084
1597;1085
1598;1726
1599;1087
1600;1088
1601;1089
1602;1090
1603;1091
1604;1540
1605;1093
1606;1094
1607;1095
1608;1544
1609;1097
1610;1626
1611;1627
1612;1548
1613;1101
1614;1550
1615;1743
1616;1104
1617;1105
1618;1106
1619;1107
1620;1108
1621;1109
1622;1110
1623;1111
1624;1560
1625;1113
1626;1114
1627;1115
1628;1660
1629;1117
1630;1758
1631;1759
1632;1648
1633;1649
1634;1570
1635;1651
1636;1652
1637;1653
1638;1654
1639;1767
1640;1656
1641;1129
1642;1658
1643;1659
1644;1660
1645;1133
1646;1662
1647;1135
1648;1584
1649;1585
1650;1586
1651;1139
1652;1588
1653;1141
1654;1590
1655;1783
1656;1144
1657;1145
1658;1594
1659;1147
1660;1148
1661;1149
1662;1150
1663;1151
1664;640
1665;1667
1666;642
1667;1155
1668;644
1669;1671
1670;646
1671;1159
1672;1688
1673;1672
1674;1690
1675;1691
1676;1932
1677;1676
1678;1934
1679;1678
1680;656
1681;1713
1682;1714
1683;1171
1684;1716
1685;1717
1686;1718
1687;1719
1688;1690
1689;1721
1690;1722
1691;1723
1692;1724
1693;1725
1694;1726
1695;1727
1696;1712
1697;1713
1698;1714
1699;1715
1700;1716
1701;1717
1702;1718
1703;1719
1704;1720
1705;1721
1706;1722
1707;1723
1708;1724
1709;1725
1710;1726
1711;1727
1712;1714
1713;1715
1714;690
1715;1714
1716;1718
1717;1719
1718;694
1719;1718
1720;1722
1721;1209
1722;1714
1723;1211
1724;1726
1725;1213
1726;1718
1727;1215
1728;1664
1729;1731
1730;1218
1731;1219
1732;1668
1733;1735
1734;1670
1735;1223
1736;1672
1737;1993
1738;1754
1739;1755
1740;1676
1741;1743
1742;1678
1743;1735
1744;1680
1745;1747
1746;1234
1747;1235
1748;1750
1749;1751
1750;1238
1751;1239
1752;1688
1753;1755
1754;1690
1755;1747
1756;1758
1757;1759
1758;1790
1759;1791
1760;1776
1761;1777
1762;1698
1763;1779
1764;1780
1765;1767
1766;1782
1767;1783
1768;1784
1769;1785
1770;1786
1771;1787
1772;1788
1773;1789
1774;1790
1775;1791
1776;1712
1777;1779
1778;1714
1779;1715
1780;1782
1781;1783
1782;1718
1783;1719
1784;1720
1785;1721
1786;1722
1787;1275
1788;1790
1789;1791
1790;1726
1791;1279
1792;768
1793;1281
1794;770
1795;1283
1796;772
1797;1285
1798;774
1799;1287
1800;1804
1801;1289
1802;1818
1803;1291
1804;780
1805;1293
1806;1934
1807;1806
1808;784
1809;1297
1810;786
1811;1299
1812;788
1813;1301
1814;790
1815;1303
1816;1944
1817;1305
1818;1946
1819;1307
1820;1804
1821;1309
1822;1950
1823;1822
1824;1826
1825;1841
1826;1842
1827;1826
1828;1796
1829;1845
1830;1846
1831;1799
1832;1800
1833;1321
1834;1850
1835;1323
1836;1804
1837;1325
1838;1806
1839;1327
1840;1584
1841;1585
1842;1586
1843;1842
1844;1588
1845;1589
1846;1590
1847;1846
1848;1816
1849;1337
1850;1594
1851;1339
1852;1596
1853;1341
1854;1598
1855;1343
1856;1344
1857;1345
1858;1346
1859;1347
1860;1348
1861;1349
1862;1350
1863;1351
1864;1800
1865;1353
1866;1882
1867;1355
1868;1804
1869;1357
1870;1998
1871;1999
1872;1360
1873;1361
1874;1362
1875;1363
1876;1364
1877;1365
1878;1366
1879;1367
1880;1816
1881;1369
1882;1370
1883;1371
1884;1820
1885;1373
1886;2014
1887;2015
1888;1904
1889;1905
1890;1826
1891;1907
1892;1908
1893;1909
1894;1382
1895;2023
1896;1384
1897;1385
1898;1914
1899;1387
1900;1388
1901;1389
1902;1390
1903;1391
1904;1392
1905;1393
1906;1394
1907;1395
1908;1396
1909;1397
1910;1398
1911;2039
1912;1400
1913;1401
1914;1402
1915;1403
1916;1404
1917;1405
1918;1406
1919;1407
1920;896
1921;1923
1922;898
1923;1411
1924;900
1925;1927
1926;902
1927;1415
1928;1944
1929;1928
1930;1946
1931;1947
1932;1934
1933;1932
1934;1926
1935;1934
1936;912
1937;1425
1938;914
1939;1427
1940;916
1941;1943
1942;918
1943;1431
1944;1946
1945;1944
1946;922
1947;1946
1948;1944
1949;1948
1950;1946
1951;1950
1952;1954
1953;1969
1954;1970
1955;1971
1956;1924
1957;1973
1958;1974
1959;1927
1960;1928
1961;1449
1962;1978
1963;1979
1964;1932
1965;1933
1966;1934
1967;1935
1968;1970
1969;1713
1970;1714
1971;1715
1972;1974
1973;1975
1974;1718
1975;1974
1976;1944
1977;1721
1978;1722
1979;1467
1980;1982
1981;1725
1982;1726
1983;1471
1984;1986
1985;1987
1986;1474
1987;1475
1988;1990
1989;1991
1990;1478
1991;1479
1992;1928
1993;1995
1994;2010
1995;1987
1996;1932
1997;1999
1998;1934
1999;1991
2000;1936
2001;2003
2002;1490
2003;1491
2004;2006
2005;2007
2006;1494
2007;1495
2008;1944
2009;2011
2010;1946
2011;2003
2012;2014
2013;2015
2014;990
2015;991
2016;2032
2017;2019
2018;1954
2019;2035
2020;2022
2021;2023
2022;2038
2023;2039
2024;2040
2025;2041
2026;2042
2027;2043
2028;2044
2029;2031
2030;2046
2031;2047
2032;2034
2033;2035
2034;1970
2035;1779
2036;2038
2037;2039
2038;1974
2039;1783
2040;2042
2041;2043
2042;2010
2043;1531
2044;2046
2045;2047
2046;1022
2047;1535
2048;2560
2049;3073
2050;2562
2051;2050
2052;2564
2053;2061
2054;2182
2055;2054
2056;2060
2057;2089
2058;2090
2059;2091
2060;2572
2061;2093
2062;2190
2063;2191
2064;2576
2065;3089
2066;2578
2067;2066
2068;2580
2069;3093
2070;2054
2071;2070
2072;2064
2073;2105
2074;2066
2075;2203
2076;2060
2077;2061
2078;2062
2079;2063
2080;2592
2081;2089
2082;2594
2083;2091
2084;2052
2085;2093
2086;2214
2087;2095
2088;2089
2089;2217
2090;2218
2091;2219
2092;2093
2093;2089
2094;2222
2095;2223
2096;48
2097;2105
2098;50
2099;51
2100;52
2101;2109
2102;54
2103;55
2104;56
2105;57
2106;58
2107;59
2108;60
2109;61
2110;62
2111;63
2112;2048
2113;3137
2114;2242
2115;3139
2116;2052
2117;3141
2118;2246
2119;2247
2120;2121
2121;2057
2122;2250
2123;2251
2124;2156
2125;2061
2126;2254
2127;2255
2128;2064
2129;3153
2130;82
2131;3155
2132;2388
2133;3157
2134;2262
2135;2263
2136;2128
2137;89
2138;90
2139;2267
2140;2141
2141;93
2142;2270
2143;2271
2144;2148
2145;2153
2146;2082
2147;2155
2148;2156
2149;2157
2150;2278
2151;2279
2152;2156
2153;2089
2154;2090
2155;2283
2156;2157
2157;2093
2158;2286
2159;2287
2160;112
2161;113
2162;114
2163;115
2164;116
2165;117
2166;118
2167;119
2168;120
2169;121
2170;122
2171;123
2172;124
2173;125
2174;126
2175;127
2176;2180
2177;2185
2178;2182
2179;2187
2180;2182
2181;2180
2182;2182
2183;2182
2184;2188
2185;2217
2186;2218
2187;2219
2188;2190
2189;2191
2190;2182
2191;2223
2192;2448
2193;2192
2194;2450
2195;2194
2196;2180
2197;2196
2198;2182
2199;2198
2200;2192
2201;2233
2202;2194
2203;2235
2204;2188
2205;2189
2206;2190
2207;2191
2208;2210
2209;2217
2210;2218
2211;2219
2212;2180
2213;2221
2214;2182
2215;2223
2216;2217
2217;2219
2218;2219
2219;2219
2220;2222
2221;2223
2222;2223
2223;2219
2224;2226
2225;2233
2226;178
2227;2235
2228;2230
2229;2237
2230;182
2231;2239
2232;2233
2233;185
2234;186
2235;187
2236;2238
2237;189
2238;190
2239;191
2240;2242
2241;2243
2242;2246
2243;2251
2244;2180
2245;2247
2246;2182
2247;2246
2248;2250
2249;2251
2250;2251
2251;2283
2252;2254
2253;2255
2254;2286
2255;2287
2256;2258
2257;2259
2258;2514
2259;2515
2260;2262
2261;2263
2262;2518
2263;2262
2264;2266
2265;2267
2266;2258
2267;2523
2268;2270
2269;2271
2270;2262
2271;2527
2272;2280
2273;2281
2274;2210
2275;2283
2276;2278
2277;2285
2278;2286
2279;2287
2280;2284
2281;2217
2282;2218
2283;2219
2284;2286
2285;2287
2286;2287
2287;2223
2288;2544
2289;2545
2290;242
2291;243
2292;2548
2293;2295
2294;246
2295;247
2296;248
2297;2233
2298;250
2299;251
2300;252
2301;2303
2302;254
2303;255
2304;2320
2305;3329
2306;2322
2307;2306
2308;2820
2309;2317
2310;2438
2311;2310
2312;2316
2313;2317
2314;2826
2315;2443
2316;2828
2317;269
2318;2446
2319;2447
2320;2832
2321;3345
2322;2834
2323;2322
2324;2836
2325;3349
2326;2454
2327;2326
2328;2320
2329;281
2330;2322
2331;2459
2332;2324
2333;2365
2334;2462
2335;2463
2336;2848
2337;2345
2338;2850
2339;2347
2340;2308
2341;2349
2342;2310
2343;2351
2344;2345
2345;2089
2346;2090
2347;2475
2348;2349
2349;2093
2350;2478
2351;2479
2352;2320
2353;2361
2354;2866
2355;2363
2356;2868
2357;2365
2358;2486
2359;2487
2360;2361
2361;313
2362;2490
2363;2491
2364;2365
2365;317
2366;2494
2367;2495
2368;2384
2369;3393
2370;322
2371;3395
2372;2308
2373;3397
2374;2502
2375;2503
2376;2377
2377;2381
2378;2506
2379;2507
2380;2412
2381;2317
2382;2510
2383;2511
2384;2320
2385;3409
2386;2514
2387;3411
2388;2900
2389;3413
2390;2518
2391;2519
2392;2384
2393;2329
2394;2522
2395;2523
2396;2428
2397;2429
2398;2526
2399;2527
2400;2416
2401;2409
2402;2370
2403;2411
2404;2412
2405;2413
2406;2534
2407;2535
2408;2412
2409;2413
2410;2538
2411;2539
2412;2413
2413;2157
2414;2542
2415;2543
2416;2420
2417;2425
2418;2386
2419;2547
2420;2932
2421;2429
2422;2550
2423;2551
2424;2428
2425;2429
2426;2554
2427;2555
2428;380
2429;381
2430;2558
2431;2559
2432;2448
2433;2441
2434;2450
2435;2443
2436;2438
2437;2436
2438;390
2439;2438
2440;2444
2441;2473
2442;2446
2443;2447
2444;2446
2445;2447
2446;2438
2447;2191
2448;2450
2449;2448
2450;402
2451;2450
2452;2454
2453;2452
2454;2450
2455;2454
2456;2448
2457;2459
2458;2450
2459;2491
2460;2452
2461;2463
2462;2454
2463;2495
2464;2466
2465;2473
2466;2210
2467;2475
2468;2436
2469;2477
2470;2438
2471;2479
2472;2473
2473;2217
2474;2218
2475;2219
2476;2478
2477;2479
2478;2222
2479;2223
2480;2448
2481;2489
2482;2450
2483;2491
2484;2486
2485;2493
2486;2454
2487;2495
2488;2489
2489;2491
2490;2491
2491;2495
2492;2494
2493;2495
2494;2495
2495;447
2496;2498
2497;2499
2498;2514
2499;2507
2500;2502
2501;2503
2502;2438
2503;2502
2504;2506
2505;2507
2506;2507
2507;2539
2508;2510
2509;2511
2510;2542
2511;2543
2512;2514
2513;2515
2514;2450
2515;2514
2516;2518
2517;2519
2518;470
2519;2518
2520;2522
2521;2523
2522;2514
2523;2555
2524;2526
2525;2527
2526;2518
2527;2559
2528;2544
2529;2537
2530;2498
2531;2539
2532;2534
2533;2541
2534;2542
2535;2543
2536;2540
2537;2539
2538;2542
2539;2543
2540;2542
2541;2543
2542;2543
2543;2287
2544;2546
2545;2547
2546;2514
2547;2555
2548;2550
2549;2551
2550;2518
2551;2559
2552;2554
2553;2555
2554;2555
2555;2559
2556;2558
2557;2559
2558;2559
2559;511
2560;2564
2561;2560
2562;2566
2563;2562
2564;2564
2565;2564
2566;2564
2567;2566
2568;2572
2569;2573
2570;2602
2571;2570
2572;2564
2573;2572
2574;2566
2575;2574
2576;2832
2577;2576
2578;2834
2579;2578
2580;2564
2581;2580
2582;2566
2583;2582
2584;2576
2585;2841
2586;2578
2587;2843
2588;2572
2589;2573
2590;2574
2591;2575
2592;2594
2593;2601
2594;2594
2595;2594
2596;2564
2597;2605
2598;2566
2599;2598
2600;2602
2601;2089
2602;2594
2603;2091
2604;2572
2605;2093
2606;2602
2607;2605
2608;2576
2609;561
2610;562
2611;2610
2612;564
2613;565
2614;566
2615;2614
2616;568
2617;569
2618;570
2619;571
2620;572
2621;573
2622;574
2623;575
2624;2560
2625;2629
2626;2562
2627;2626
2628;2564
2629;2565
2630;2566
2631;2630
2632;2568
2633;2637
2634;2570
2635;2634
2636;2572
2637;2573
2638;2574
2639;2637
2640;2576
2641;2897
2642;2578
2643;2899
2644;2580
2645;2901
2646;2902
2647;2645
2648;2584
2649;2905
2650;2906
2651;2907
2652;2644
2653;2909
2654;2910
2655;2653
2656;2592
2657;2661
2658;2594
2659;2667
2660;2596
2661;2669
2662;2598
2663;2661
2664;2600
2665;2601
2666;2602
2667;2603
2668;2669
2669;2157
2670;2606
2671;2669
2672;2608
2673;2929
2674;2610
2675;627
2676;2612
2677;2933
2678;630
2679;631
2680;632
2681;633
2682;634
2683;635
2684;636
2685;637
2686;638
2687;639
2688;2560
2689;2688
2690;2694
2691;2690
2692;2564
2693;2692
2694;646
2695;2694
2696;2568
2697;2185
2698;2702
2699;2187
2700;2572
2701;2573
2702;2694
2703;2191
2704;2576
2705;2704
2706;658
2707;2706
2708;2580
2709;2708
2710;662
2711;2710
2712;2704
2713;2201
2714;666
2715;2203
2716;2700
2717;2589
2718;2702
2719;2207
2720;2722
2721;2593
2722;2594
2723;2722
2724;2692
2725;2597
2726;2694
2727;2726
2728;2216
2729;2217
2730;2218
2731;2219
2732;2734
2733;2221
2734;2222
2735;2223
2736;688
2737;689
2738;690
2739;691
2740;692
2741;2613
2742;694
2743;695
2744;696
2745;2233
2746;698
2747;2235
2748;700
2749;2237
2750;702
2751;2239
2752;2688
2753;2625
2754;2242
2755;2243
2756;2692
2757;2629
2758;2694
2759;2247
2760;2696
2761;2249
2762;2250
2763;2251
2764;2700
2765;2637
2766;2702
2767;2255
2768;2704
2769;2641
2770;722
2771;723
2772;2644
2773;2645
2774;726
2775;727
2776;728
2777;2265
2778;730
2779;2267
2780;2782
2781;2653
2782;734
2783;2271
2784;2720
2785;2657
2786;2722
2787;2275
2788;2660
2789;2661
2790;2278
2791;2279
2792;2280
2793;2281
2794;2282
2795;2283
2796;2284
2797;2285
2798;2286
2799;2287
2800;752
2801;753
2802;754
2803;755
2804;756
2805;2677
2806;758
2807;759
2808;760
2809;761
2810;762
2811;763
2812;764
2813;765
2814;766
2815;767
2816;2832
2817;2816
2818;2834
2819;2818
2820;2564
2821;2820
2822;774
2823;2822
2824;2828
2825;2829
2826;2818
2827;2826
2828;2820
2829;2828
2830;2822
2831;2830
2832;2832
2833;2832
2834;786
2835;2834
2836;2832
2837;2836
2838;2834
2839;2838
2840;2832
2841;2840
2842;2834
2843;2842
2844;2836
2845;2829
2846;2838
2847;2843
2848;2816
2849;2593
2850;2594
2851;2850
2852;2820
2853;2869
2854;2822
2855;2854
2856;2600
2857;2601
2858;2602
2859;2347
2860;2828
2861;2829
2862;2830
2863;2861
2864;2832
2865;2864
2866;2834
2867;2866
2868;2836
2869;2868
2870;822
2871;2870
2872;2840
2873;2361
2874;2866
2875;2363
2876;2868
2877;2365
2878;2870
2879;2877
2880;2816
2881;2897
2882;2818
2883;2899
2884;2820
2885;2901
2886;2822
2887;2886
2888;2824
2889;2893
2890;2906
2891;2907
2892;2828
2893;2829
2894;2830
2895;2893
2896;2832
2897;2901
2898;2834
2899;2898
2900;2836
2901;2900
2902;2838
2903;2901
2904;2840
2905;2897
2906;2898
2907;859
2908;2900
2909;2901
2910;2902
2911;2909
2912;2928
2913;2917
2914;2850
2915;2931
2916;2932
2917;2933
2918;2886
2919;2917
2920;2924
2921;2925
2922;2858
2923;2411
2924;2668
2925;2413
2926;2924
2927;2925
2928;2932
2929;2933
2930;2866
2931;2899
2932;2868
2933;2932
2934;2870
2935;2933
2936;2940
2937;2941
2938;2874
2939;2427
2940;2932
2941;2429
2942;894
2943;2941
2944;2960
2945;2944
2946;898
2947;2946
2948;2820
2949;2948
2950;902
2951;2950
2952;2824
2953;2441
2954;2958
2955;2443
2956;2828
2957;2829
2958;2950
2959;2447
2960;2832
2961;2960
2962;914
2963;2962
2964;2836
2965;2964
2966;918
2967;2966
2968;2960
2969;2457
2970;2962
2971;2459
2972;2964
2973;2845
2974;2966
2975;2463
2976;2944
2977;2849
2978;2722
2979;2978
2980;2948
2981;2853
2982;2950
2983;2982
2984;2472
2985;2473
2986;2474
2987;2475
2988;2956
2989;2477
2990;2478
2991;2479
2992;2960
2993;2865
2994;946
2995;2994
2996;2868
2997;2869
2998;950
2999;2998
3000;2488
3001;2489
3002;2490
3003;2491
3004;3006
3005;2493
3006;2494
3007;2495
3008;2944
3009;2881
3010;962
3011;963
3012;2948
3013;2885
3014;966
3015;967
3016;3018
3017;2505
3018;2506
3019;2507
3020;2956
3021;2893
3022;2510
3023;2511
3024;2960
3025;2897
3026;2514
3027;979
3028;2900
3029;2901
3030;2518
3031;983
3032;2968
3033;2521
3034;2522
3035;2523
3036;3038
3037;2909
3038;2526
3039;2527
3040;2528
3041;2913
3042;2530
3043;2531
3044;2916
3045;2917
3046;2534
3047;2535
3048;2536
3049;2537
3050;2538
3051;2539
3052;2540
3053;2541
3054;2542
3055;2543
3056;2544
3057;2929
3058;2546
3059;1011
3060;2932
3061;2933
3062;2550
3063;1015
3064;2552
3065;2553
3066;2554
3067;2555
3068;2556
3069;2557
3070;2558
3071;2559
3072;3076
3073;3077
3074;1026
3075;1027
3076;3077
3077;1029
3078;1030
3079;3077
3080;3084
3081;3113
3082;3114
3083;3115
3084;3076
3085;2061
3086;3078
3087;3085
3088;1040
3089;1041
3090;1042
3091;1043
3092;3076
3093;3077
3094;1046
3095;1047
3096;3088
3097;3089
3098;1050
3099;1051
3100;3084
3101;3085
3102;3086
3103;3087
3104;3072
3105;3113
3106;1058
3107;3115
3108;3076
3109;3077
3110;3078
3111;3079
3112;3113
3113;2089
3114;2090
3115;2091
3116;3117
3117;2093
3118;3114
3119;3117
3120;1072
3121;1073
3122;1074
3123;1075
3124;1076
3125;1077
3126;1078
3127;1079
3128;1080
3129;1081
3130;1082
3131;1083
3132;1084
3133;1085
3134;1086
3135;1087
3136;3137
3137;3141
3138;1090
3139;1091
3140;3076
3141;3077
3142;3078
3143;3141
3144;3080
3145;3137
3146;3138
3147;3139
3148;3084
3149;3141
3150;3086
3151;3143
3152;3153
3153;1105
3154;1106
3155;1107
3156;3157
3157;1109
3158;1110
3159;1111
3160;3152
3161;3153
3162;1114
3163;3155
3164;3156
3165;3157
3166;1118
3167;3159
3168;3172
3169;3137
3170;3106
3171;3139
3172;3180
3173;3141
3174;3142
3175;3303
3176;3180
3177;3113
3178;3114
3179;3115
3180;2156
3181;2157
3182;2158
3183;3311
3184;1136
3185;3153
3186;1138
3187;1139
3188;1140
3189;1141
3190;1142
3191;1143
3192;1144
3193;1145
3194;1146
3195;1147
3196;1148
3197;1149
3198;1150
3199;1151
3200;2176
3201;3203
3202;3206
3203;3207
3204;2180
3205;3077
3206;2182
3207;1159
3208;3200
3209;3241
3210;2186
3211;2187
3212;2188
3213;2189
3214;2190
3215;2191
3216;3472
3217;3473
3218;1170
3219;1171
3220;3204
3221;3093
3222;3206
3223;3207
3224;3216
3225;2201
3226;3218
3227;2203
3228;3212
3229;3213
3230;3214
3231;3215
3232;2208
3233;3241
3234;2210
3235;3243
3236;3204
3237;3205
3238;3206
3239;3207
3240;2216
3241;2217
3242;2218
3243;2219
3244;2220
3245;2221
3246;2222
3247;2223
3248;1200
3249;1201
3250;1202
3251;1203
3252;1204
3253;3125
3254;1206
3255;1207
3256;1208
3257;1209
3258;1210
3259;1211
3260;1212
3261;1213
3262;1214
3263;1215
3264;3266
3265;3267
3266;2242
3267;1219
3268;3204
3269;3141
3270;3206
3271;3207
3272;3274
3273;2249
3274;2250
3275;2251
3276;3278
3277;2253
3278;2254
3279;2255
3280;3281
3281;3537
3282;1234
3283;1235
3284;3286
3285;3157
3286;1238
3287;1239
3288;3280
3289;3281
3290;3282
3291;3283
3292;3284
3293;3285
3294;2270
3295;2271
3296;2272
3297;3265
3298;3234
3299;3267
3300;2276
3301;3303
3302;2278
3303;3271
3304;2280
3305;3241
3306;2282
3307;2283
3308;2284
3309;2285
3310;2286
3311;2287
3312;1264
3313;3281
3314;1266
3315;1267
3316;1268
3317;3285
3318;1270
3319;1271
3320;1272
3321;1273
3322;1274
3323;1275
3324;1276
3325;1277
3326;1278
3327;1279
3328;3344
3329;3345
3330;1282
3331;1283
3332;1284
3333;1285
3334;1286
3335;1287
3336;3340
3337;3341
3338;3330
3339;2315
3340;3332
3341;1293
3342;3334
3343;3341
3344;1296
3345;1297
3346;1298
3347;1299
3348;1300
3349;3413
3350;1302
3351;3349
3352;3344
3353;3345
3354;3346
3355;3347
3356;3348
3357;3349
3358;3350
3359;3355
3360;3328
3361;3369
3362;3106
3363;3371
3364;3332
3365;3333
3366;3334
3367;3335
3368;3369
3369;3113
3370;3114
3371;3115
3372;3436
3373;3117
3374;3118
3375;3373
3376;3344
3377;3345
3378;3346
3379;3347
3380;3348
3381;3349
3382;1334
3383;3381
3384;3385
3385;1337
3386;1338
3387;1339
3388;3389
3389;1341
3390;1342
3391;1343
3392;3393
3393;3409
3394;1346
3395;1347
3396;3397
3397;1349
3398;1350
3399;1351
3400;1352
3401;3393
3402;3394
3403;3395
3404;3436
3405;3397
3406;3398
3407;3399
3408;3409
3409;1361
3410;1362
3411;1363
3412;3413
3413;1365
3414;1366
3415;3413
3416;3408
3417;3409
3418;3410
3419;3411
3420;3412
3421;3413
3422;3414
3423;3415
3424;3440
3425;3393
3426;3394
3427;3395
3428;3444
3429;3397
3430;3398
3431;3399
3432;3436
3433;3437
3434;2410
3435;2411
3436;2412
3437;2413
3438;2414
3439;3567
3440;3408
3441;3409
3442;3410
3443;3411
3444;1396
3445;3413
3446;1398
3447;1399
3448;1400
3449;1401
3450;1402
3451;1403
3452;1404
3453;1405
3454;1406
3455;1407
3456;3472
3457;3473
3458;3474
3459;3475
3460;2436
3461;3333
3462;1414
3463;1415
3464;3456
3465;2441
3466;2442
3467;2443
3468;2444
3469;2445
3470;2446
3471;2447
3472;2448
3473;3345
3474;2450
3475;1427
3476;2452
3477;3349
3478;2454
3479;3543
3480;3472
3481;2457
3482;3474
3483;2459
3484;3476
3485;2461
3486;3478
3487;2463
3488;3456
3489;3497
3490;2466
3491;3499
3492;3460
3493;3461
3494;3462
3495;3463
3496;2472
3497;2473
3498;2474
3499;2475
3500;2476
3501;2477
3502;2478
3503;2479
3504;3472
3505;3473
3506;3474
3507;3475
3508;2484
3509;3381
3510;2486
3511;3479
3512;2488
3513;2489
3514;2490
3515;2491
3516;2492
3517;2493
3518;2494
3519;2495
3520;3522
3521;3537
3522;1474
3523;1475
3524;3526
3525;3397
3526;1478
3527;1479
3528;3530
3529;2505
3530;2506
3531;2507
3532;3534
3533;2509
3534;2510
3535;2511
3536;3472
3537;3539
3538;2514
3539;1491
3540;3542
3541;3413
3542;2518
3543;1495
3544;3536
3545;3537
3546;3538
3547;3539
3548;3540
3549;3541
3550;2526
3551;2527
3552;3568
3553;3521
3554;3522
3555;3523
3556;2532
3557;3559
3558;2534
3559;3527
3560;2536
3561;2537
3562;2538
3563;2539
3564;2540
3565;2541
3566;2542
3567;2543
3568;2544
3569;3537
3570;3538
3571;3539
3572;2548
3573;3445
3574;2550
3575;3543
3576;2552
3577;2553
3578;2554
3579;2555
3580;2556
3581;2557
3582;2558
3583;2559
3584;2560
3585;3073
3586;2562
3587;3075
3588;2564
3589;3077
3590;2566
3591;3079
3592;3596
3593;3597
3594;2570
3595;3594
3596;2572
3597;3596
3598;3596
3599;3598
3600;2576
3601;3089
3602;2578
3603;3091
3604;2580
3605;3093
3606;2582
3607;3605
3608;3864
3609;3608
3610;3866
3611;3610
3612;3596
3613;3597
3614;3598
3615;3599
3616;2592
3617;2593
3618;2594
3619;3618
3620;2596
3621;2597
3622;2598
3623;3622
3624;2600
3625;3113
3626;2602
3627;3115
3628;3596
3629;3117
3630;2606
3631;3630
3632;1584
3633;1585
3634;1586
3635;1587
3636;1588
3637;1589
3638;1590
3639;1591
3640;1592
3641;1593
3642;1594
3643;1595
3644;1596
3645;1597
3646;1598
3647;1599
3648;3584
3649;3137
3650;2626
3651;3139
3652;3588
3653;3141
3654;2630
3655;3143
3656;3592
3657;2633
3658;3594
3659;2635
3660;3596
3661;2637
3662;3598
3663;2639
3664;2640
3665;3153
3666;2642
3667;3155
3668;2644
3669;3157
3670;2646
3671;3159
3672;3608
3673;2649
3674;1626
3675;2651
3676;3932
3677;2653
3678;1630
3679;2655
3680;3616
3681;3617
3682;3618
3683;3619
3684;2660
3685;2661
3686;2662
3687;3685
3688;3624
3689;3625
3690;3626
3691;2667
3692;2668
3693;2669
3694;2670
3695;2671
3696;3632
3697;1649
3698;3634
3699;1651
3700;3636
3701;1653
3702;1654
3703;1655
3704;1656
3705;1657
3706;1658
3707;1659
3708;1660
3709;1661
3710;1662
3711;1663
3712;2688
3713;3201
3714;2690
3715;3203
3716;2692
3717;3589
3718;2694
3719;3207
3720;3724
3721;3720
3722;3726
3723;3722
3724;3596
3725;3597
3726;2702
3727;3726
3728;2704
3729;3217
3730;1682
3731;3219
3732;2708
3733;3605
3734;2710
3735;3223
3736;1688
3737;3736
3738;1690
3739;1691
3740;3724
3741;3725
3742;3726
3743;3727
3744;3746
3745;3617
3746;1698
3747;3746
3748;3750
3749;3621
3750;2726
3751;3750
3752;3754
3753;3241
3754;2730
3755;3243
3756;3724
3757;3629
3758;3726
3759;3247
3760;1712
3761;1713
3762;1714
3763;1715
3764;1716
3765;1717
3766;1718
3767;1719
3768;1720
3769;1721
3770;1722
3771;1723
3772;1724
3773;1725
3774;1726
3775;1727
3776;3712
3777;3265
3778;3266
3779;3267
3780;3716
3781;3269
3782;3270
3783;3271
3784;3720
3785;3787
3786;3722
3787;2763
3788;3724
3789;3661
3790;3726
3791;2767
3792;3280
3793;3281
3794;3282
3795;3283
3796;3284
3797;3285
3798;3286
3799;3287
3800;1752
3801;1753
3802;1754
3803;1755
3804;1756
3805;3677
3806;1758
3807;1759
3808;3744
3809;3745
3810;3746
3811;1763
3812;3684
3813;3685
3814;3750
3815;1767
3816;3752
3817;3753
3818;3754
3819;3307
3820;3692
3821;3693
3822;3310
3823;3311
3824;1776
3825;1777
3826;1778
3827;1779
3828;1780
3829;1781
3830;1782
3831;1783
3832;1784
3833;1785
3834;1786
3835;1787
3836;1788
3837;1789
3838;1790
3839;1791
3840;2816
3841;3329
3842;2818
3843;3331
3844;2820
3845;3333
3846;2822
3847;3335
3848;3852
3849;3853
3850;3866
3851;3850
3852;2828
3853;3852
3854;3852
3855;3854
3856;2832
3857;3345
3858;2834
3859;3347
3860;2836
3861;3349
3862;2838
3863;3861
3864;2840
3865;3864
3866;2842
3867;3866
3868;3852
3869;3868
3870;3866
3871;3870
3872;3616
3873;3617
3874;3618
3875;3874
3876;3844
3877;3893
3878;3894
3879;3878
3880;3624
3881;3369
3882;3626
3883;3371
3884;3852
3885;3373
3886;3854
3887;3886
3888;2864
3889;3893
3890;2866
3891;3890
3892;2868
3893;2869
3894;2870
3895;3893
3896;3864
3897;3385
3898;2874
3899;3387
3900;2876
3901;3389
3902;2878
3903;3902
3904;2880
3905;3393
3906;2882
3907;3395
3908;3844
3909;3397
3910;2886
3911;3399
3912;3848
3913;2889
3914;2890
3915;2891
3916;3852
3917;2893
3918;3854
3919;2895
3920;2896
3921;3409
3922;2898
3923;3411
3924;2900
3925;3413
3926;2902
3927;3415
3928;3864
3929;2905
3930;2906
3931;2907
3932;3868
3933;2909
3934;2910
3935;2911
3936;3952
3937;3953
3938;3874
3939;3955
3940;2916
3941;3957
3942;2918
3943;3941
3944;3948
3945;2921
3946;2922
3947;2923
3948;2924
3949;2925
3950;2926
3951;2927
3952;2928
3953;3957
3954;3890
3955;1907
3956;2932
3957;2933
3958;2934
3959;3957
3960;2936
3961;2937
3962;2938
3963;2939
3964;2940
3965;2941
3966;2942
3967;2943
3968;3984
3969;3457
3970;1922
3971;3459
3972;2948
3973;3845
3974;2950
3975;3463
3976;1928
3977;3976
3978;3982
3979;3978
3980;3852
3981;3853
3982;1934
3983;3982
3984;2960
3985;3473
3986;2962
3987;3475
3988;2964
3989;3861
3990;2966
3991;3479
3992;1944
3993;3992
3994;1946
3995;1947
3996;3868
3997;3869
3998;1950
3999;3998
4000;3744
4001;3745
4002;3746
4003;3747
4004;3972
4005;3877
4006;4022
4007;4071
4008;3752
4009;3497
4010;3754
4011;3499
4012;3980
4013;3885
4014;3982
4015;3503
4016;3984
4017;3889
4018;1970
4019;1971
4020;4022
4021;3893
4022;1974
4023;1975
4024;3992
4025;3513
4026;1978
4027;3515
4028;4030
4029;3901
4030;1982
4031;3519
4032;3520
4033;3521
4034;3522
4035;3523
4036;3972
4037;3525
4038;3526
4039;3527
4040;4042
4041;1993
4042;1994
4043;1995
4044;3980
4045;3917
4046;3982
4047;3023
4048;3536
4049;3537
4050;3538
4051;3539
4052;3540
4053;3541
4054;3542
4055;3543
4056;3992
4057;2009
4058;2010
4059;2011
4060;4062
4061;3933
4062;2014
4063;2015
4064;4080
4065;4081
4066;4002
4067;2019
4068;3940
4069;3941
4070;2022
4071;2023
4072;3560
4073;3561
4074;4078
4075;3563
4076;3948
4077;3949
4078;3566
4079;3567
4080;4016
4081;3953
4082;2034
4083;2035
4084;3956
4085;3957
4086;2038
4087;2039
4088;2040
4089;3577
4090;2042
4091;3579
4092;2044
4093;3965
4094;2046
4095;3583
