id,fitness
0,0.46001861035495245
1,0.366562102564251
2,0.5482748425847433
3,0.42181763030374
4,0.5488553355140612
5,0.46109884697959713
6,0.5917238650954108
7,0.4393546730827036
8,0.4231773671358055
9,0.4931905003318117
10,0.4352519727110052
11,0.4722644014167095
12,0.5120140922949142
13,0.5877272447471579
14,0.4787009952216726
15,0.4898014441956731
16,0.5342628181560017
17,0.4408063103653003
18,0.6062611825015244
19,0.47980397022052107
20,0.5130206198499736
21,0.4252641313155095
22,0.539631281547055
23,0.3872620895343479
24,0.4748053852451606
25,0.5448185184411668
26,0.5162854684747432
27,0.5532978971804475
28,0.4535631869391324
29,0.5292763393913761
30,0.44965556752027375
31,0.46075601649427433
32,0.41940716019571855
33,0.4105946691696725
34,0.5491741932381163
35,0.45652343642173404
36,0.4117685542061637
37,0.40865608243635504
38,0.4961478846001201
39,0.3775851480520341
40,0.47336606112842516
41,0.5955855392904145
42,0.5269514675162318
43,0.5653326798878848
44,0.46572745513887037
45,0.5936469525570971
46,0.4739251588782356
47,0.4863943915181849
48,0.5515478165300448
49,0.5427353255039988
50,0.6650569816881745
51,0.572406224871792
52,0.586575327369137
53,0.5834628555993283
54,0.6546967898788253
55,0.5361340533307392
56,0.5828905277710573
57,0.7051100059330467
58,0.6658814118132469
59,0.7042626241848998
60,0.6179180386101495
61,0.7458375360283762
62,0.6555212200038977
63,0.6679904526438469
64,0.3779148291077432
65,0.3648230642930736
66,0.5176582121663512
67,0.44025172700426607
68,0.42236327490688486
69,0.4149715293484528
70,0.5167189553170516
71,0.4134004904232628
72,0.3544780665384155
73,0.4406689988729163
74,0.41803982294243247
75,0.43991603492951764
76,0.3989265123375572
77,0.49081746392829545
78,0.41710056609313284
79,0.41306479834851434
80,0.4657707313015498
81,0.4526789664868803
82,0.5892562464758897
83,0.5118497613138046
84,0.48226097475170254
85,0.4748692291932703
86,0.5603587872776011
87,0.4570403223838122
88,0.419717779040528
89,0.5059087113750288
90,0.5126850130989279
91,0.5345612250860131
92,0.43620802249068064
93,0.5280989740814189
94,0.48378755390063927
95,0.4797517861560207
96,0.35950004396141416
97,0.3337883257794136
98,0.4496930974849671
99,0.4203433245073784
100,0.438487918655939
101,0.4184762197301759
102,0.48329326953105073
103,0.4280315168217583
104,0.4268634255439399
105,0.4679967327124375
106,0.4408748524129018
107,0.4783701047858111
108,0.5058513002384649
109,0.5526846266632
110,0.47447502445898543
111,0.486058297100191
112,0.5036926820216853
113,0.47798096383968475
114,0.5776278676609702
115,0.5482780946833813
116,0.5586005704127512
117,0.5385888714869881
118,0.5871480534035947
119,0.5318863006943021
120,0.548439873912517
121,0.5895731810810146
122,0.5918567784358618
123,0.6293520308087711
124,0.603347762303583
125,0.650181088728318
126,0.6013769641784864
127,0.6129602368196919
128,0.4567294893310148
129,0.34611959986571444
130,0.5700818263054273
131,0.46697920645594676
132,0.5249988388557086
133,0.3829481766486116
134,0.6550048953724077
135,0.534949773570027
136,0.41988824611186787
137,0.47274799763327513
138,0.4570589564316891
139,0.5174259775689162
140,0.48815759563656175
141,0.5095765744161722
142,0.5419820254986696
143,0.5853965446829966
144,0.5309736971320641
145,0.42036380766676373
146,0.6280681662222083
147,0.5249655463727279
148,0.48916412319162106
149,0.34711346098452395
150,0.6029123118240519
151,0.4828571900216713
152,0.47151626422122295
153,0.5243760157426303
154,0.5380924521954271
155,0.5984594733326544
156,0.42970669028077996
157,0.4511256690603904
158,0.5129365977972707
159,0.5563511169815978
160,0.4161180391717811
161,0.39015216647113604
162,0.5709811769588002
163,0.5016850125739408
164,0.3879120575478113
165,0.33050541210536943
166,0.5594289148771171
167,0.47318024853935764
168,0.4700769401044877
169,0.575143036591878
170,0.5487584512369157
171,0.6104942560400916
172,0.4418709584805179
173,0.5154962822261114
174,0.5372061891552325
175,0.5819894920055083
176,0.5482586955061074
177,0.5222928228054623
178,0.6868639654088583
179,0.617567801023999
180,0.5627188307107845
181,0.5053121852683428
182,0.7179778201558222
183,0.6317291538180626
184,0.5796014067471197
185,0.6846675032345102
186,0.6876883955339307
187,0.7494242003371068
188,0.5940615419517971
189,0.6676868656973906
190,0.7188022502808945
191,0.7635855531311705
192,0.3746257080838056
193,0.344380561594537
194,0.5394651958870351
195,0.48541330315647285
196,0.3985067782485325
197,0.3368208590174671
198,0.5799999855940486
199,0.5089955909105862
200,0.3511889455144779
201,0.42022649617437974
202,0.43984680666311626
203,0.48507761108172437
204,0.3750700156792048
205,0.41266679359730984
206,0.48038159637012984
207,0.5086598988358377
208,0.4624816102776122
209,0.43223646378834363
210,0.6110632301965736
211,0.5570113374660113
212,0.4584044780933501
213,0.3967185588622848
214,0.6236398175545982
215,0.5526354228711358
216,0.4164286580165904
217,0.4854662086764922
218,0.5344919968196117
219,0.5797228012382198
220,0.41235152583232826
221,0.4499483037504333
222,0.5470685841776363
223,0.5753468866433441
224,0.3562109229374765
225,0.31334582308087694
226,0.4715000812056509
227,0.465504900659585
228,0.4146314219975866
229,0.3403255493991903
230,0.5465742998080477
231,0.5236266173090817
232,0.4235743045200024
233,0.447554230013901
234,0.4626818361335856
235,0.5235316809380178
236,0.4819948035801125
237,0.47453395633221435
238,0.5377560547359824
239,0.5816533975875144
240,0.5004035609977477
241,0.4575384611411481
242,0.599434851381654
243,0.593439670835588
244,0.5347440737543988
245,0.4604382011560024
246,0.6504290836805916
247,0.6274814011816255
248,0.5451507528885794
249,0.569130678382478
250,0.6136637621565456
251,0.674513606960978
252,0.5794912656452306
253,0.5720304183973324
254,0.6646579944554833
255,0.7085553373070156
256,0.4907991722189256
257,0.39734266442822413
258,0.5790554044487165
259,0.45259819216771313
260,0.5796358973780343
261,0.49187940884357034
262,0.6225044269593839
263,0.4701352349466768
264,0.4539579289997786
265,0.5239710621957849
266,0.46603253457497845
267,0.5030449632806827
268,0.5427946541588874
269,0.618507806611131
270,0.5094815570856458
271,0.5205820060596463
272,0.5624260346779532
273,0.46896952688725174
274,0.6344243990234758
275,0.5079671867424725
276,0.5411838363719251
277,0.4534273478374609
278,0.5677944980690063
279,0.4154253060562993
280,0.502968601767112
281,0.5729817349631182
282,0.5444486849966946
283,0.581461113702399
284,0.4817264034610839
285,0.5574395559133275
286,0.4778187840422252
287,0.4889192330162257
288,0.36231479029308894
289,0.3535022992670429
290,0.49208182333548667
291,0.39943106651910437
292,0.35467618430353404
293,0.3515637125337254
294,0.43905551469749043
295,0.3204927781494044
296,0.41627369122579555
297,0.5384931693877849
298,0.4698590976136021
299,0.5082403099852552
300,0.40863508523624065
301,0.5365545826544674
302,0.4168327889756059
303,0.42930202161555525
304,0.4594265385247341
305,0.450614047498688
306,0.5729357036828636
307,0.4802849468664813
308,0.49445404936382625
309,0.4913415775940176
310,0.5625755118735145
311,0.4440127753254283
312,0.4907692497657465
313,0.6129887279277358
314,0.573760133807936
315,0.6121413461795892
316,0.5257967606048387
317,0.6537162580230654
318,0.5633999419985868
319,0.5758691746385362
320,0.4433681956019922
321,0.43027643078732264
322,0.5831115786606004
323,0.5057050934985151
324,0.48781664140113395
325,0.4804248958427018
326,0.5821723218113007
327,0.47885385691751187
328,0.4199314330326645
329,0.5061223653671654
330,0.48349318943668157
331,0.5053694014237667
332,0.46437987883180626
333,0.5562708304225445
334,0.48255393258738194
335,0.4785181648427634
336,0.4891556779556239
337,0.4760639131409545
338,0.6126411931299639
339,0.5352347079678786
340,0.5056459214057767
341,0.4982541758473446
342,0.5837437339316753
343,0.48042526903788635
344,0.44310272569460213
345,0.5292936580291029
346,0.536069959753002
347,0.5579461717400872
348,0.4595929691447549
349,0.5514839207354931
350,0.5071725005547134
351,0.5031367328100949
352,0.369806486512856
353,0.34409476833085534
354,0.45999954003640897
355,0.43064976705882013
356,0.44879436120738087
357,0.4287826622816178
358,0.4935997120824926
359,0.4383379593732
360,0.4371698680953818
361,0.4783031752638794
362,0.45118129496434367
363,0.488676547337253
364,0.5161577427899068
365,0.5629910692146418
366,0.4847814670104273
367,0.4963647396516329
368,0.48027197388939974
369,0.4545602557073993
370,0.5542071595286845
371,0.5248573865510958
372,0.5351798622804657
373,0.5151681633547026
374,0.5637273452713092
375,0.5084655925620166
376,0.5250191657802314
377,0.5661524729487291
378,0.5684360703035762
379,0.6059313226764856
380,0.5799270541712974
381,0.6267603805960323
382,0.5779562560462009
383,0.5895395286874064
384,0.48751005119498797
385,0.3769001617296876
386,0.6008623881694004
387,0.49775976831991997
388,0.555779400719682
389,0.41372873851258474
390,0.6857854572363808
391,0.5657303354340003
392,0.450668807975841
393,0.5035285594972484
394,0.48783951829566224
395,0.5482065394328894
396,0.518938157500535
397,0.5403571362801455
398,0.5727625873626427
399,0.6161771065469698
400,0.5591369136540155
401,0.44852702418871515
402,0.6562313827441598
403,0.5531287628946793
404,0.5173273397135726
405,0.37527667750647536
406,0.6310755283460033
407,0.5110204065436228
408,0.4996794807431744
409,0.5525392322645817
410,0.5662556687173785
411,0.6266226898546058
412,0.45786990680273143
413,0.4792888855823419
414,0.5410998143192222
415,0.5845143335035491
416,0.35902566926915136
417,0.3330597965685063
418,0.5138888070561706
419,0.44459264267131116
420,0.3308196876451816
421,0.2734130422027398
422,0.5023365449744874
423,0.4160878786367279
424,0.41298457020185797
425,0.5180506666892483
426,0.49166608133428596
427,0.553401886137462
428,0.3847785885778882
429,0.45840391232348177
430,0.4801138192526028
431,0.5248971221028788
432,0.45613741750079645
433,0.43017154480015135
434,0.5947426874035475
435,0.5254465230186881
436,0.4705975527054737
437,0.413190907263032
438,0.6258565421505115
439,0.5396078758127517
440,0.48748012874180896
441,0.5925462252291993
442,0.5955671175286199
443,0.6573029223317959
444,0.5019402639464862
445,0.5755655876920798
446,0.6266809722755837
447,0.6714642751258597
448,0.4400790745780547
449,0.409833928088786
450,0.6049185623812842
451,0.550866669650722
452,0.4639601447427815
453,0.4022742255117162
454,0.6454533520882977
455,0.5744489574048353
456,0.416642312008727
457,0.4856798626686288
458,0.5053001731573653
459,0.5505309775759735
460,0.4405233821734538
461,0.47812016009155894
462,0.5458349628643789
463,0.5741132653300868
464,0.4858665569316864
465,0.45562141044241783
466,0.6344481768506477
467,0.5803962841200856
468,0.4817894247474242
469,0.42010350551635894
470,0.6470247642086723
471,0.5760203695252099
472,0.4398136046706646
473,0.5088511553305665
474,0.5578769434736859
475,0.603107747892294
476,0.4357364724864025
477,0.4733332504045075
478,0.5704535308317104
479,0.5987318332974183
480,0.3665173654889184
481,0.32365226563231886
482,0.48180652375709276
483,0.4758113432110269
484,0.4249378645490285
485,0.3506319919506322
486,0.5568807423594896
487,0.5339330598605235
488,0.43388074707144425
489,0.45786067256534285
490,0.47298827868502746
491,0.5338381234894598
492,0.49230124613155435
493,0.4848403988836562
494,0.5480624972874243
495,0.5919598401389564
496,0.4769828528654621
497,0.43411775300886263
498,0.5760141432493685
499,0.5700189627033025
500,0.5113233656221132
501,0.43701749302371695
502,0.6270083755483061
503,0.6040606930493401
504,0.5217300447562939
505,0.5457099702501925
506,0.5902430540242601
507,0.6510928988286924
508,0.5560705575129449
509,0.5486097102650468
510,0.6412372863231979
511,0.6851346291747301
512,0.5312678264627715
513,0.38399921323374153
514,0.6010398355859948
515,0.4374297856512093
516,0.6201045516218803
517,0.4785359576490876
518,0.6444888580966622
519,0.45496682843017305
520,0.48124895034595605
521,0.4395175532224553
522,0.47483933281458834
523,0.4167664989853319
524,0.5700856755050648
525,0.5340542976378014
526,0.5182883553252556
527,0.43430354176429553
528,0.6055120342638206
529,0.45824342103479077
530,0.6590261755027759
531,0.4954161255679905
532,0.5842698359577926
533,0.442701241985
534,0.5923962745483065
535,0.4028742448818172
536,0.5328769684553111
537,0.4911455713318104
538,0.5558728285783264
539,0.49779999474906994
540,0.511634770149283
541,0.4756033922820196
542,0.48924292762385696
543,0.40525811406289675
544,0.48007254732948673
545,0.42557704714740385
546,0.6025084904117801
547,0.458748110830427
548,0.4724339413399319
549,0.42363846041408637
550,0.5494821817737837
551,0.3798098224607271
552,0.47824129401701093
553,0.49684533814178494
554,0.5244956104447132
555,0.4538347751702169
556,0.4706026880274561
557,0.49490675140846746
558,0.47146930180671687
559,0.37489648680051696
560,0.612213203663813
561,0.5577177034817301
562,0.7183912788618382
563,0.5746308992804852
564,0.6472407145029052
565,0.5984452335770596
566,0.708031087052489
567,0.5383587277394322
568,0.587765760659643
569,0.606369804784417
570,0.6634255547417282
571,0.592764719467232
572,0.6227932714987353
573,0.6470973348797465
574,0.6530653629323789
575,0.556492547926179
576,0.38478815273386124
577,0.37848268484733266
578,0.5060473126859019
579,0.4520863922365041
580,0.42923659853300294
581,0.4286311499027118
582,0.5051080558366022
583,0.42523515565550074
584,0.37998294534786226
585,0.41794476648197604
586,0.42506047864531166
587,0.4153668472165563
588,0.4244313911470039
589,0.4680932315373552
590,0.424121221796012
591,0.388515610635553
592,0.47264405492766787
593,0.46633858704113934
594,0.5776453469954403
595,0.5236844265460426
596,0.48913429837782063
597,0.48852884974752936
598,0.5487478877971517
599,0.46887498761605023
600,0.4452226578499747
601,0.4831844789840885
602,0.519705668801807
603,0.5100120373730518
604,0.4617129013001274
605,0.5053747416904787
606,0.49080820960351845
607,0.4552025984430594
608,0.35578953861348134
609,0.34499321364191343
610,0.43865150217692994
611,0.4187905088008399
612,0.4347774133080063
613,0.4296811075926758
614,0.4722516742230136
615,0.4264787011152198
616,0.39917195403182193
617,0.4002052462822241
618,0.40585229094067926
619,0.3978209147865594
620,0.4781598287263469
621,0.4848931402329865
622,0.43945246298676294
623,0.4055091071009393
624,0.4999821766737525
625,0.4891858517021846
626,0.566586272352933
627,0.5467252789768429
628,0.5548900650648184
629,0.549793759349488
630,0.5761064580955575
631,0.5303334849877637
632,0.5207484024003989
633,0.5217816946508012
634,0.5568342169636392
635,0.5488028408095195
636,0.5756562907914649
637,0.5823896022981044
638,0.5663544027062639
639,0.5324110468204403
640,0.5154277754639485
641,0.35100578056031945
642,0.6102958893317932
643,0.47004043182853067
644,0.5836971249886423
645,0.38783435734321664
646,0.6952189583987738
647,0.5380109989426111
648,0.46540889934713303
649,0.40652412054903325
650,0.4840953865603867
651,0.4493771451626532
652,0.5336782488718269
653,0.4433526973319304
654,0.5690184556273672
655,0.5173477122767337
656,0.5896719832649976
657,0.42524998836136874
658,0.6682822292485744
659,0.5280267717453118
660,0.5478624093245547
661,0.3519996416791289
662,0.643126374850418
663,0.4859184153942553
664,0.5170369174564882
665,0.4581521386583884
666,0.5651288823241248
667,0.5304106409263913
668,0.4752273435160452
669,0.3849017919761486
670,0.5399730279259685
671,0.4883022845753348
672,0.4642324963306637
673,0.3925836144739818
674,0.6117645441575785
675,0.4913587570077483
676,0.43602651470669396
677,0.33293686010821527
678,0.6002122820758953
679,0.46285399297316515
680,0.4624012430181879
681,0.4638519054683629
682,0.5337516641905116
683,0.48644542134753826
684,0.4341952613942182
685,0.40420515110259636
686,0.5221994021088284
687,0.457940657312955
688,0.59637315266499
689,0.5247242708083081
690,0.7276473326076366
691,0.6072415454578065
692,0.6108332878696673
693,0.5077436332711885
694,0.7587611873546005
695,0.6214028982518701
696,0.5719257096608201
697,0.573376372110995
698,0.6726816084875266
699,0.6253753656445533
700,0.5863858448654974
701,0.5563957345738755
702,0.7037954632344906
703,0.639536718438617
704,0.3689481017350382
705,0.34548925217391063
706,0.5153033664317003
707,0.48469703841382533
708,0.3928291718997652
709,0.3379295495968408
710,0.5558381561387138
711,0.5082793261679387
712,0.3641428943490392
713,0.384951333808554
714,0.43431653239111
715,0.4479774933938776
716,0.38802396451376614
717,0.37739163123148417
718,0.47485132209812364
719,0.47155978114799096
720,0.45680400392884485
721,0.4333451543677173
722,0.5869014007412388
723,0.5562950727233639
724,0.45272687174458276
725,0.3978272494416584
726,0.5994779880992633
727,0.5519191581284882
728,0.4293826068511517
729,0.4501910463106666
730,0.5289617225476055
731,0.542622683550373
732,0.42530547466688956
733,0.41467314138460765
734,0.54153830990563
735,0.5382467689554974
736,0.33994948761465826
737,0.3119997809684914
738,0.4479075559227283
739,0.45140115497816113
740,0.39836998667476836
741,0.33897950728680476
742,0.522981774525125
743,0.5095228716276577
744,0.38333190303299886
745,0.3672118136088021
746,0.4151083446864776
747,0.4304315609638807
748,0.44175240209310895
749,0.3941915399271154
750,0.4901825632888744
751,0.48855327761337736
752,0.4841421256749295
753,0.45619241902876256
754,0.5758423260987314
755,0.5793359251541642
756,0.5184826384315806
757,0.45909215904361694
758,0.6268365583976692
759,0.6133776555002018
760,0.5049083514015759
761,0.4887882619773791
762,0.5660902707094376
763,0.5814134869868407
764,0.5392488641582269
765,0.49168800199223345
766,0.6170845030083755
767,0.6154552173328783
768,0.5620483883267446
769,0.4147797750977147
770,0.631820397449968
771,0.4682103475151826
772,0.6508851134858534
773,0.5093165195130609
774,0.6752694199606354
775,0.4857473902941462
776,0.5120295122099292
777,0.47029811508642844
778,0.5056198946785614
779,0.4475470608493051
780,0.600866237369038
781,0.5648348595017746
782,0.5490689171892288
783,0.46508410362826874
784,0.6336752507857721
785,0.48640663755674224
786,0.6871893920247274
787,0.523579342089942
788,0.612433052479744
789,0.4708644585069514
790,0.6205594910702578
791,0.43103746140376864
792,0.5610401849772626
793,0.5193087878537618
794,0.5840360451002777
795,0.5259632112710214
796,0.5397979866712345
797,0.5037666088039711
798,0.5174061441458083
799,0.43342133058484816
800,0.42298017742685706
801,0.36848467724477424
802,0.5454161205091504
803,0.4016557409277974
804,0.41534157143730216
805,0.36654609051145665
806,0.4923898118711541
807,0.3227174525580974
808,0.4211489241143813
809,0.4397529682391552
810,0.46740324054208343
811,0.39674240526758725
812,0.41351031812482647
813,0.43781438150583774
814,0.41437693190408725
815,0.3178041168978873
816,0.5200919256585023
817,0.46559642547641933
818,0.6262700008565274
819,0.48250962127517427
820,0.5551194364975943
821,0.5063239555717488
822,0.6159098090471782
823,0.44623744973412127
824,0.49564448265433225
825,0.5142485267791062
826,0.5713042767364174
827,0.5006434414619212
828,0.5306719934934244
829,0.5549760568744357
830,0.5609440849270682
831,0.4643712699208682
832,0.45024151922811034
833,0.44393605134158176
834,0.571500679180151
835,0.5175397587307532
836,0.4946899650272521
837,0.4940845163969609
838,0.5705614223308514
839,0.49068852214974984
840,0.44543631184211124
841,0.48339813297622514
842,0.49051384513956076
843,0.48082021371080536
844,0.48988475764125305
845,0.5335465980316043
846,0.4895745882902611
847,0.45396897712980205
848,0.49602900158174207
849,0.4897235336952135
850,0.6010302936495145
851,0.5470693732001167
852,0.5125192450318948
853,0.5119137964016036
854,0.5721328344512259
855,0.4922599342701244
856,0.46860760450404887
857,0.5065694256381628
858,0.5430906154558813
859,0.5333969840271259
860,0.48509784795420163
861,0.5287596883445529
862,0.5141931562575927
863,0.4785875450971335
864,0.3660959811649233
865,0.3552996561933553
866,0.4489579447283718
867,0.42909695135228176
868,0.44508385585944815
869,0.43998755014411767
870,0.4825581167744554
871,0.43678514366666166
872,0.40947839658326374
873,0.410511688833666
874,0.4161587334921211
875,0.4081273573380013
876,0.48846627127778874
877,0.4951995827844284
878,0.4497589055382048
879,0.4158155496523812
880,0.47656146854146697
881,0.46576514356989906
882,0.5431655642206474
883,0.5233045708445574
884,0.5314693569325329
885,0.5263730512172023
886,0.552685749963272
887,0.5069127768554782
888,0.49732769426811335
889,0.4983609865185156
890,0.5334135088313537
891,0.5253821326772339
892,0.5522355826591793
893,0.558968894165819
894,0.5429336945739783
895,0.5089903386881547
896,0.5462083373279216
897,0.38178634242429266
898,0.6410764511957664
899,0.5008209936925039
900,0.6144776868526155
901,0.4186149192071898
902,0.725999520262747
903,0.5687915608065842
904,0.4961894612111062
905,0.43730468241300646
906,0.5148759484243599
907,0.48015770702662647
908,0.5644588107358001
909,0.47413325919590354
910,0.5997990174913403
911,0.5481282741407069
912,0.6178351997869491
913,0.4534132048833202
914,0.6964454457705259
915,0.5561899882672633
916,0.5760256258465061
917,0.38016285820108037
918,0.6712895913723694
919,0.5140816319162066
920,0.5452001339784396
921,0.4863153551803398
922,0.5932920988460763
923,0.5585738574483428
924,0.5033905600379965
925,0.4130650084981
926,0.5681362444479198
927,0.5164655010972863
928,0.40714012642803404
929,0.3354912445713521
930,0.5546721742549489
931,0.43426638710511867
932,0.3789341448040644
933,0.27584449020558566
934,0.5431199121732656
935,0.4057616230705354
936,0.4053088731155583
937,0.40675953556573324
938,0.47665929428788184
939,0.4293530514449086
940,0.37710289149158854
941,0.34711278119996675
942,0.46510703220619876
943,0.40084828741032535
944,0.5042518746596792
945,0.4326029928029973
946,0.6355260546023258
947,0.5151202674524956
948,0.5187120098643564
949,0.41562235526587776
950,0.6666399093492897
951,0.5292816202465592
952,0.47980443165550923
953,0.4812550941056842
954,0.5805603304822158
955,0.5332540876392425
956,0.49426456686018655
957,0.46427445656856464
958,0.6116741852291797
959,0.5474154404333064
960,0.4344014682292873
961,0.4109426186681597
962,0.5807567329259494
963,0.5501504049080744
964,0.45828253839401417
965,0.40338291609108984
966,0.6212915226329628
967,0.5737326926621878
968,0.4295962608432882
969,0.4504047003028031
970,0.49976989888535917
971,0.5134308598881266
972,0.4534773310080152
973,0.4428449977257332
974,0.5403046885923727
975,0.5370131476422401
976,0.4801889505829191
977,0.4567301010217915
978,0.610286347395313
979,0.5796800193774381
980,0.47611181839865696
981,0.4212121960957326
982,0.6228629347533375
983,0.5753041047825623
984,0.45276755350522585
985,0.47357599296474073
986,0.5523466692016797
987,0.5660076302044473
988,0.44869042132096376
989,0.4380580880386819
990,0.5649232565597041
991,0.5616317156095717
992,0.3502559301661002
993,0.32230622351993327
994,0.45821399847417016
995,0.46170759752960305
996,0.40867642922621034
997,0.3492859498382466
998,0.5332882170765669
999,0.5198293141790997
1000,0.3936383455844407
1001,0.377518256160244
1002,0.42541478723791953
1003,0.4407380035153226
1004,0.4520588446445508
1005,0.40449798247855734
1006,0.5004890058403163
1007,0.4988597201648193
1008,0.46072141754264395
1009,0.43277171089647704
1010,0.5524216179664458
1011,0.5559152170218787
1012,0.49506193029929507
1013,0.43567145091133136
1014,0.6034158502653836
1015,0.5899569473679162
1016,0.48148764326929033
1017,0.4653675538450936
1018,0.5426695625771522
1019,0.5579927788545552
1020,0.5158281560259415
1021,0.4682672938599479
1022,0.59366379487609
1023,0.5920345092005928
1024,0.5243798672263086
1025,0.5303966393607873
1026,0.5975481916427671
1027,0.570564259286944
1028,0.6068683541744697
1029,0.618585145565186
1030,0.6361611134195216
1031,0.5832652013319947
1032,0.45870456272579835
1033,0.48859561583936856
1034,0.45569126048766573
1035,0.45258160911093404
1036,0.5411930496739595
1037,0.5767841220437672
1038,0.49430418226442013
1039,0.4652825511559848
1040,0.5986240750273577
1041,0.6046408471618365
1042,0.6555345315595482
1043,0.628550599203725
1044,0.5710336385103821
1045,0.5827504299010983
1046,0.5840685298711659
1047,0.5311726177836389
1048,0.5103325808351534
1049,0.5402236339487236
1050,0.5367247562514038
1051,0.5336151048746721
1052,0.4827421443181778
1053,0.5183332166879854
1054,0.4652587545630214
1055,0.43623712345458593
1056,0.44780333426548014
1057,0.48138412245604495
1058,0.5624824594945457
1059,0.5122249818947742
1060,0.4338164900649777
1061,0.47309729751178
1062,0.5046200501226364
1063,0.42845059279116127
1064,0.49223368223164404
1065,0.5926233805852291
1066,0.5307311808061184
1067,0.5472826133693672
1068,0.4782468380311417
1069,0.5843365556409642
1070,0.47286877143420925
1071,0.4635082242657543
1072,0.5799439905998064
1073,0.6135247787903713
1074,0.6783652479446037
1075,0.6281077703448322
1076,0.608623263227951
1077,0.6479040706747533
1078,0.6631689554013415
1079,0.5869994980698663
1080,0.6017581488742761
1081,0.7021478472278613
1082,0.6696611251031334
1083,0.6862125576663822
1084,0.6304374215024208
1085,0.7365271391122432
1086,0.6544648325598713
1087,0.6451042853914163
1088,0.4422760859790991
1089,0.5286576010896099
1090,0.566931561224375
1091,0.58899835598747
1092,0.48037629356729344
1093,0.5724578279340414
1094,0.5611562036411625
1095,0.5573110186725537
1096,0.39000526212840825
1097,0.43607411438047317
1098,0.4384791107190929
1099,0.42023324262374223
1100,0.4281054697166025
1101,0.47987434122490485
1102,0.43270375313588044
1103,0.38854590530882605
1104,0.5301319881729059
1105,0.6165135032834165
1106,0.6385295955339135
1107,0.6605963902970086
1108,0.5402739934121111
1109,0.6323555277788592
1110,0.604796035601712
1111,0.6009508506331033
1112,0.4552449746305207
1113,0.5013138268825856
1114,0.5331243008755884
1115,0.5148784327802376
1116,0.46538697986972605
1117,0.5171558513780282
1118,0.4993907409433869
1119,0.45523289311633236
1120,0.3878962180311756
1121,0.40457777906578585
1122,0.4630013637413963
1123,0.47604486998041845
1124,0.46053585451475304
1125,0.48291743480560073
1126,0.491765435053567
1127,0.47889696156088535
1128,0.44573104664715874
1129,0.4650345740072521
1130,0.44465456570278833
1131,0.46032003826729345
1132,0.5183706831307363
1133,0.5433742297470671
1134,0.4734186370149591
1135,0.46317212984776046
1136,0.5320888560914467
1137,0.5487704171260571
1138,0.5909361339173993
1139,0.6039796401564215
1140,0.5806485062715653
1141,0.6030300865624129
1142,0.5956202189261111
1143,0.5827517454334293
1144,0.5673074950157357
1145,0.5866110223758292
1146,0.5956364917257483
1147,0.6113019642902535
1148,0.6158671451958543
1149,0.640870691812185
1150,0.6003205767344602
1151,0.5900740695672614
1152,0.4653050853845935
1153,0.45416847584447323
1154,0.5589361756491179
1155,0.5553068357248178
1156,0.5071502687448645
1157,0.4645728864629475
1158,0.6319164108992199
1159,0.6113345690220194
1160,0.39962978088408324
1161,0.4123674523230545
1162,0.4170792444940165
1163,0.43732418554880775
1164,0.44147496424435423
1165,0.4227718629415287
1166,0.49005947974411845
1167,0.49335191884600954
1168,0.5395492931856426
1169,0.5284126836455224
1170,0.616922515565899
1171,0.6132931756415988
1172,0.4713155530807767
1173,0.42873817079885984
1174,0.5798238273508641
1175,0.5592419854736638
1176,0.4512577989934383
1177,0.4639954704324096
1178,0.4981127402577546
1179,0.5183576813125458
1180,0.38302405888857244
1181,0.3643209575857469
1182,0.4610140520427197
1183,0.46430649114461064
1184,0.3887285524237651
1185,0.40515595893973094
1186,0.5238704435008965
1187,0.4969675583326479
1188,0.3340984046353725
1189,0.31908503840954144
1190,0.5003753476023348
1191,0.45651996048118604
1192,0.433158900389929
1193,0.5163952170689151
1194,0.49211916481246915
1195,0.5320251898072409
1196,0.3785287526015364
1197,0.4303242965387257
1198,0.46862406891390745
1199,0.49157759195577905
1200,0.5208692087580914
1201,0.5372966152740571
1202,0.6397532319509546
1203,0.6128503467827059
1204,0.5089051777983457
1205,0.49389181157251477
1206,0.6589242528810398
1207,0.6150688657598911
1208,0.542683367032561
1209,0.6259196837115473
1210,0.6310491091094842
1211,0.670955134104256
1212,0.5307193360728155
1213,0.5825148800100048
1214,0.6502201300395695
1215,0.6731736530814412
1216,0.38320130413738407
1217,0.4524294375732958
1218,0.5283195452307259
1219,0.5737409324253436
1220,0.38065820813768814
1221,0.418445568831803
1222,0.5569115011208609
1223,0.5853803863625785
1224,0.3309304802866932
1225,0.3598459508641591
1226,0.39986709472544374
1227,0.40497581906161595
1228,0.3283873842869972
1229,0.3258620821226664
1230,0.42845905061557876
1231,0.41661527299885076
1232,0.4710572063311908
1233,0.5402853397671025
1234,0.5999175795402644
1235,0.6453389667348822
1236,0.4405559079825057
1237,0.4783432686766207
1238,0.6005513330814102
1239,0.629020218323128
1240,0.3961701927888057
1241,0.42508566336627157
1242,0.4945122848819392
1243,0.4996210092181114
1244,0.3656688944401207
1245,0.36314359227578974
1246,0.4951460384230851
1247,0.48330226080635713
1248,0.3288214361894605
1249,0.3283496155494719
1250,0.4243893477477471
1251,0.4607874464182921
1252,0.3608177690851478
1253,0.32890517570336236
1254,0.48752073253326533
1255,0.50696632925091
1256,0.3866562648054437
1257,0.3888064104909381
1258,0.40604254970913917
1259,0.4450626147051672
1260,0.418652597701131
1261,0.3893619706448286
1262,0.46917393449465733
1263,0.4912414975377852
1264,0.47301407424973174
1265,0.47254225360974306
1266,0.5523241179237501
1267,0.5887222165942951
1268,0.48093042084195986
1269,0.44901782746017443
1270,0.5913755164058092
1271,0.6108211131234541
1272,0.5082327131740209
1273,0.5103828588595152
1274,0.5570244757320992
1275,0.5960445407281273
1276,0.5161490597662489
1277,0.4868584327099466
1278,0.5960758742141583
1279,0.6181434372572862
1280,0.5551604290902817
1281,0.5611772012247606
1282,0.6283287535067403
1283,0.6013448211509171
1284,0.637648916038443
1285,0.6493657074291591
1286,0.6669416752834949
1287,0.6140457631959678
1288,0.4894851245897715
1289,0.5193761777033418
1290,0.48647182235163894
1291,0.48336217097490725
1292,0.5719736115379327
1293,0.6075646839077403
1294,0.5250847441283935
1295,0.496063113019958
1296,0.6267872915493092
1297,0.632804063683788
1298,0.6836977480814995
1299,0.6567138157256766
1300,0.5991968550323336
1301,0.6109136464230497
1302,0.6122317463931174
1303,0.5593358343055903
1304,0.5384957973571048
1305,0.5683868504706752
1306,0.5648879727733552
1307,0.5617783213966235
1308,0.5109053608401292
1309,0.5464964332099368
1310,0.49342197108497277
1311,0.46440033997653735
1312,0.3907109643628505
1313,0.4242917525534153
1314,0.5053900895919159
1315,0.45513261199214444
1316,0.3767241201623481
1317,0.41600492760915025
1318,0.44752768022000683
1319,0.37135822288853165
1320,0.4351413123290144
1321,0.5355310106825996
1322,0.47363881090348875
1323,0.4901902434667375
1324,0.421154468128512
1325,0.5272441857383345
1326,0.41577640153157963
1327,0.40641585436312466
1328,0.48782271259449556
1329,0.5214035007850604
1330,0.5862439699392928
1331,0.5359864923395214
1332,0.5165019852226402
1333,0.5557827926694424
1334,0.5710476773960308
1335,0.49487822006455556
1336,0.5096368708689654
1337,0.6100265692225505
1338,0.5775398470978227
1339,0.5940912796610714
1340,0.53831614349711
1341,0.6444058611069325
1342,0.5623435545545605
1343,0.5529830073861056
1344,0.5077294524733482
1345,0.594110967583859
1346,0.6323849277186241
1347,0.6544517224817191
1348,0.5458296600615425
1349,0.6379111944282906
1350,0.6266095701354116
1351,0.6227643851668029
1352,0.45545862862265735
1353,0.5015274808747222
1354,0.5039324772133421
1355,0.4856866091179913
1356,0.4935588362108516
1357,0.5453277077191538
1358,0.4981571196301296
1359,0.45399927180307503
1360,0.5535169348269801
1361,0.6398984499374908
1362,0.6619145421879877
1363,0.6839813369510828
1364,0.5636589400661852
1365,0.6557404744329333
1366,0.6281809822557862
1367,0.6243357972871775
1368,0.478629921284595
1369,0.5246987735366598
1370,0.5565092475296626
1371,0.5382633794343118
1372,0.4887719265238002
1373,0.5405407980321025
1374,0.5227756875974611
1375,0.47861783977040656
1376,0.3982026605826175
1377,0.41488422161722777
1378,0.4733078062928382
1379,0.4863513125318602
1380,0.47084229706619496
1381,0.4932238773570427
1382,0.5020718776050089
1383,0.48920340411232727
1384,0.4560374891986006
1385,0.47534101655869404
1386,0.4549610082542302
1387,0.4706264808187353
1388,0.5286771256821782
1389,0.5536806722985089
1390,0.48372507956640104
1391,0.4734785723992023
1392,0.5086681479591612
1393,0.5253497089937715
1394,0.5675154257851138
1395,0.5805589320241359
1396,0.5572277981392797
1397,0.5796093784301274
1398,0.5721995107938255
1399,0.5593310373011439
1400,0.5438867868834503
1401,0.5631903142435437
1402,0.5722157835934628
1403,0.5878812561579679
1404,0.5924464370635687
1405,0.6174499836798996
1406,0.5768998686021746
1407,0.5666533614349759
1408,0.49608564724856663
1409,0.48494903770844644
1410,0.5897167375130912
1411,0.5860873975887909
1412,0.5379308306088376
1413,0.49535344832692063
1414,0.6626969727631931
1415,0.6421151308859926
1416,0.4304103427480564
1417,0.44314801418702765
1418,0.4478598063579897
1419,0.468104747412781
1420,0.47225552610832744
1421,0.45355242480550184
1422,0.5208400416080917
1423,0.5241324807099826
1424,0.5677125097075941
1425,0.5565759001674739
1426,0.6450857320878506
1427,0.6414563921635502
1428,0.49947876960272825
1429,0.4569013873208112
1430,0.6079870438728155
1431,0.5874052019956151
1432,0.47942101551538974
1433,0.49215868695436105
1434,0.5262759567797061
1435,0.5465208978344973
1436,0.41118727541052386
1437,0.39248417410769837
1438,0.4891772685646711
1439,0.4924697076665621
1440,0.3316361825211354
1441,0.3480635890371013
1442,0.46677807359826673
1443,0.43987518843001827
1444,0.27700603473274277
1445,0.2619926685069118
1446,0.443282977699705
1447,0.3994275905785564
1448,0.37606653048729927
1449,0.45930284716628544
1450,0.4350267949098395
1451,0.4749328199046113
1452,0.3214363826989067
1453,0.373231926636096
1454,0.41153169901127784
1455,0.43448522205314943
1456,0.42874793075278045
1457,0.4451753372687463
1458,0.5476319539456438
1459,0.5207290687773952
1460,0.4167838997930349
1461,0.40177053356720394
1462,0.5668029748757291
1463,0.5229475877545803
1464,0.4505620890272503
1465,0.5337984057062365
1466,0.5389278311041734
1467,0.5788338560989452
1468,0.4385980580675046
1469,0.490393602004694
1470,0.5580988520342587
1471,0.5810523750761304
1472,0.4486546706316332
1473,0.5178828040675448
1474,0.5937729117249749
1475,0.6391942989195929
1476,0.44611157463193724
1477,0.4838989353260521
1478,0.6223648676151099
1479,0.6508337528568277
1480,0.39638384678094224
1481,0.42529931735840815
1482,0.46532046121969284
1483,0.47042918555586505
1484,0.3938407507812463
1485,0.3913154486169154
1486,0.49391241710982775
1487,0.4820686394930998
1488,0.49444215298526495
1489,0.5636702864211767
1490,0.6233025261943385
1491,0.6687239133889564
1492,0.46394085463657997
1493,0.5017282153306949
1494,0.6239362797354844
1495,0.6524051649772021
1496,0.41955513944287987
1497,0.4484706100203458
1498,0.5178972315360134
1499,0.5230059558721856
1500,0.38905384109419483
1501,0.386528538929864
1502,0.5185309850771592
1503,0.5066872074604313
1504,0.3391278787409024
1505,0.3386560581009137
1506,0.434695790299189
1507,0.47109388896973403
1508,0.37112421163658965
1509,0.3392116182548042
1510,0.49782717508470714
1511,0.517272771802352
1512,0.39696270735688555
1513,0.39911285304238
1514,0.41634899226058103
1515,0.45536905725660914
1516,0.42895904025257287
1517,0.39966841319627044
1518,0.4794803770460992
1519,0.5015479400892271
1520,0.4495933661174461
1521,0.4491215454774575
1522,0.5289034097914647
1523,0.5653015084620095
1524,0.45750971270967433
1525,0.42559711932788885
1526,0.5679548082735237
1527,0.5874004049911686
1528,0.4848120050417352
1529,0.48696215072722965
1530,0.5336037675998136
1531,0.5726238325958416
1532,0.49272835163396334
1533,0.463437724577661
1534,0.5726551660818727
1535,0.5947227291250007
1536,0.4058245911217942
1537,0.3580292578179445
1538,0.4605086924316853
1539,0.3963719224220801
1540,0.48831307806995544
1541,0.4462177640223432
1542,0.49912161420843987
1543,0.4090728644671308
1544,0.4653301906598828
1545,0.383476713453946
1546,0.44383266531518273
1547,0.34563775140349046
1548,0.547818677608044
1549,0.4716652196583447
1550,0.48244558709193724
1551,0.35833869344854125
1552,0.48006879892284343
1553,0.4322734656189937
1554,0.5184950323484664
1555,0.4543582623388611
1556,0.45247836240586786
1557,0.4103830483582555
1558,0.447029030660084
1559,0.35698028091877504
1560,0.5169582087692378
1561,0.43510473156330115
1562,0.5248661610789208
1563,0.4266712471672285
1564,0.4893677722522623
1565,0.4132143143025629
1566,0.4534001593905385
1567,0.3292932657471424
1568,0.4288076283284456
1569,0.4167054073629736
1570,0.5361556635974066
1571,0.4347885632326645
1572,0.41482078412794327
1573,0.4084185824187086
1574,0.47829325422549757
1575,0.3510141741290517
1576,0.43112966247040824
1577,0.42790392678677797
1578,0.46229607108477816
1579,0.36980545600187775
1580,0.4171428182699059
1581,0.41961710184251305
1582,0.40443366171286904
1583,0.2860310668982649
1584,0.5609482846627719
1585,0.5488460636972999
1586,0.6520384520474648
1587,0.5506713516827226
1588,0.5896275572909165
1589,0.583225355581682
1590,0.6368421595042026
1591,0.5095630794077567
1592,0.5406541291130404
1593,0.5374283934294102
1594,0.6012260153817931
1595,0.5087354002988929
1596,0.5693334017411851
1597,0.5718076853137922
1598,0.586029722838531
1599,0.467627128023927
1600,0.25934491739288407
1601,0.3525127294315356
1602,0.3655161695315923
1603,0.41102852900737474
1604,0.2974451249810783
1605,0.3963129562759673
1606,0.35974081194837987
1607,0.37934119169245856
1608,0.364064185661789
1609,0.3619039267134668
1610,0.39405381114590604
1611,0.34423809963471474
1612,0.4021643932499832
1613,0.40570415355789846
1614,0.3882784535626936
1615,0.31255076231979856
1616,0.3472008195866907
1617,0.4403686316253423
1618,0.4371142038411308
1619,0.48262656331691317
1620,0.3573428248258959
1621,0.4562106561207849
1622,0.40338064390892936
1623,0.422981023653008
1624,0.4293038981639014
1625,0.42714363921557935
1626,0.48869900130240157
1627,0.4388832897912102
1628,0.4394459034031067
1629,0.44298566371102194
1630,0.45496544137020006
1631,0.37923775012730504
1632,0.3045246196124402
1633,0.3361215738574832
1634,0.3722986753625565
1635,0.39483096120307737
1636,0.3771642560960177
1637,0.41446122959729803
1638,0.40106274667472724
1639,0.39768305278354443
1640,0.35206032248521923
1641,0.3312638349272172
1642,0.3436527515807443
1643,0.31379159561822023
1644,0.4246999589687966
1645,0.4096034906670321
1646,0.37241682289291506
1647,0.3166436871986873
1648,0.44871725767271137
1649,0.48031421191775436
1650,0.5002334455385595
1651,0.5227657313790804
1652,0.4972769078528299
1653,0.5345738813541102
1654,0.5049175305472712
1655,0.5015378366560884
1656,0.47363677085379613
1657,0.45284028329579423
1658,0.49463467760370433
1659,0.4647735216411803
1660,0.5221964210339147
1661,0.5070999527321501
1662,0.49931876261241603
1663,0.4435456269181883
1664,0.42427489660899326
1665,0.3593261816305445
1666,0.49942176376695024
1667,0.4586395861888679
1668,0.46612007996926424
1669,0.36973059224901883
1670,0.5724019990170521
1671,0.5146673194860697
1672,0.4837804961470819
1673,0.38477363726654606
1674,0.48274573665044773
1675,0.4079054151702783
1676,0.5256256795073528
1677,0.39517804788502037
1678,0.5557259719005496
1679,0.46393314846747996
1680,0.49851910441004255
1681,0.4335703894315938
1682,0.5574081036837314
1683,0.516625926105649
1684,0.43028536430517667
1685,0.33389587658493114
1686,0.5203094154686964
1687,0.4625747359377139
1688,0.535408514256437
1689,0.4364016553759012
1690,0.5637792324141858
1691,0.48893891093401637
1692,0.46717477415157105
1693,0.3367271425292386
1694,0.5266805441991508
1695,0.43488772076608123
1696,0.44725793381564466
1697,0.4180023311755736
1698,0.5750687349326716
1699,0.49705622699945246
1700,0.39262778602725207
1701,0.3319314106453843
1702,0.5515736390341098
1703,0.45660862914799055
1704,0.4495799679576073
1705,0.42920085059937807
1706,0.5012091424200431
1707,0.43207311976866564
1708,0.39494982016921476
1709,0.3431299300691886
1710,0.47771404652148136
1711,0.3916255219172038
1712,0.579398590149971
1713,0.5501429875099
1714,0.6909515233827298
1715,0.6129390154495105
1716,0.5674345591902253
1717,0.5067381838083576
1718,0.7101225443128151
1719,0.6151575344266956
1720,0.5591044346002395
1721,0.5387253172420102
1722,0.6401390867170581
1723,0.5710030640656807
1724,0.5471404036404938
1725,0.49532051354046774
1726,0.6593101076471434
1727,0.5732215830428659
1728,0.27779522288008307
1729,0.35380965324413566
1730,0.4044292408668573
1731,0.4732961927741626
1732,0.2752521268803871
1733,0.31982578450264293
1734,0.4330211967569923
1735,0.4849356467113974
1736,0.382514491148988
1737,0.3632008505260669
1738,0.432966882481171
1739,0.40650576340150263
1740,0.379971395149292
1741,0.3292169817845741
1742,0.461558838371306
1743,0.41814521733873744
1744,0.3656511250738897
1745,0.44166555543794234
1746,0.4760272751763957
1747,0.544894227083701
1748,0.33514982672520466
1749,0.37972348434746056
1750,0.4766610287175417
1751,0.5285754786719469
1752,0.44775420365110047
1753,0.4284405630281794
1754,0.5276120726376665
1755,0.501150953557998
1756,0.41725290530241543
1757,0.3664984919376976
1758,0.5282458261788124
1759,0.48483220514624376
1760,0.32297492509963927
1761,0.3374184976700832
1762,0.4112117466978214
1763,0.4570986249698652
1764,0.35497125799532653
1765,0.33797405782397366
1766,0.47434313148333956
1767,0.5032775078024833
1768,0.3705106279724182
1769,0.33256075873981733
1770,0.3825658229160093
1771,0.3760592593850081
1772,0.4025069608681055
1773,0.3331163188937078
1774,0.4456972077015275
1775,0.4222381422176262
1776,0.46716756315991054
1777,0.48161113573035447
1778,0.5391465168738245
1779,0.5850333951458683
1780,0.47508390975213866
1781,0.45808670958078584
1782,0.5781979153558836
1783,0.6071322916750272
1784,0.49208707634099524
1785,0.4541372071083943
1786,0.5335477489389692
1787,0.5270411854079682
1788,0.5000034229332234
1789,0.43061278095882577
1790,0.5725991474210282
1791,0.5491400819371272
1792,0.43660515298576735
1793,0.38880981968191763
1794,0.49128925429565845
1795,0.4271524842860532
1796,0.5190936399339287
1797,0.47699832588631635
1798,0.5299021760724131
1799,0.43985342633110397
1800,0.496110752523856
1801,0.4142572753179192
1802,0.47461322717915594
1803,0.3764183132674636
1804,0.5785992394720173
1805,0.5024457815223179
1806,0.5132261489559103
1807,0.3891192553125143
1808,0.5082320154447949
1809,0.46043668214094513
1810,0.5466582488704178
1811,0.48252147886081254
1812,0.4806415789278193
1813,0.438546264880207
1814,0.4751922471820355
1815,0.3851434974407264
1816,0.5451214252911893
1817,0.46326794808525257
1818,0.5530293776008722
1819,0.4548344636891799
1820,0.5175309887742138
1821,0.4413775308245143
1822,0.4815633759124898
1823,0.3574564822690938
1824,0.37171525842581604
1825,0.35961303746034395
1826,0.47906329369477696
1827,0.37769619333003485
1828,0.3577284142253136
1829,0.351326212516079
1830,0.4212008843228679
1831,0.293921804226422
1832,0.3740372925677786
1833,0.37081155688414835
1834,0.4052037011821485
1835,0.312713086099248
1836,0.36005044836727623
1837,0.3625247319398834
1838,0.34734129181023937
1839,0.22893869699563527
1840,0.4688270066574611
1841,0.4567247856919891
1842,0.5599171740421539
1843,0.4585500736774118
1844,0.49750627928560576
1845,0.4911040775763711
1846,0.5447208814988918
1847,0.4174418014024459
1848,0.44853285110772956
1849,0.4453071154240993
1850,0.5091047373764824
1851,0.416614122293582
1852,0.47721212373587424
1853,0.4796864073084814
1854,0.4939084448332203
1855,0.37550585001861614
1856,0.3247982838871331
1857,0.4179660959257847
1858,0.4309695360258414
1859,0.47648189550162384
1860,0.3628984914753273
1861,0.4617663227702164
1862,0.42519417844262897
1863,0.4447945581867076
1864,0.429517552156038
1865,0.42735729320771587
1866,0.4595071776401552
1867,0.40969146612896384
1868,0.4676177597442323
1869,0.47115752005214756
1870,0.45373182005694274
1871,0.37800412881404766
1872,0.37058576624076495
1873,0.46375357827941643
1874,0.460499150495205
1875,0.5060115099709874
1876,0.3807277714799701
1877,0.47959560277485913
1878,0.4267655905630035
1879,0.44636597030708214
1880,0.4526888448179756
1881,0.4505285858696535
1882,0.5120839479564757
1883,0.4622682364452844
1884,0.4628308500571809
1885,0.4663706103650962
1886,0.47835038802427415
1887,0.40262269678137924
1888,0.31483106216388207
1889,0.34642801640892507
1890,0.3826051179139984
1891,0.40513740375451923
1892,0.3874706986474596
1893,0.42476767214873995
1894,0.4113691892261691
1895,0.4079894953349863
1896,0.3623667650366611
1897,0.34157027747865915
1898,0.3539591941321862
1899,0.32409803816966215
1900,0.43500640152023856
1901,0.419909933218474
1902,0.38272326544435703
1903,0.32695012975012916
1904,0.4252965495404259
1905,0.45689350378546884
1906,0.47681273740627406
1907,0.49934502324679486
1908,0.4738561997205444
1909,0.5111531732218247
1910,0.48149682241498576
1911,0.47811712852380284
1912,0.4502160627215106
1913,0.42941957516350876
1914,0.47121396947141875
1915,0.4413528135088947
1916,0.4987757129016292
1917,0.4836792445998646
1918,0.47589805448013056
1919,0.4201249187859027
1920,0.45505545847296647
1921,0.39010674349451774
1922,0.5302023256309234
1923,0.48942014805284106
1924,0.4969006418332374
1925,0.400511154112992
1926,0.6031825608810253
1927,0.5454478813500429
1928,0.5145610580110551
1929,0.4155541991305192
1930,0.5135262985144209
1931,0.43868597703425133
1932,0.5564062413713261
1933,0.4259586097489935
1934,0.5865065337645228
1935,0.4947137103314532
1936,0.526682320931994
1937,0.4617336059535453
1938,0.5855713202056828
1939,0.5447891426276005
1940,0.4584485808271281
1941,0.36205909310688256
1942,0.5484726319906479
1943,0.4907379524596653
1944,0.5635717307783884
1945,0.4645648718978526
1946,0.5919424489361372
1947,0.5171021274559677
1948,0.4953379906735225
1949,0.36489035905119
1950,0.5548437607211022
1951,0.46305093728803254
1952,0.39016556391301505
1953,0.360909961272944
1954,0.517976365030042
1955,0.4399638570968227
1956,0.33553541612462245
1957,0.2748390407427546
1958,0.4944812691314802
1959,0.3995162592453609
1960,0.3924875980549776
1961,0.37210848069674846
1962,0.4441167725174135
1963,0.37498074986603597
1964,0.33785745026658504
1965,0.28603756016655896
1966,0.42062167661885175
1967,0.33453315201457406
1968,0.48727731214466014
1969,0.4580217095045891
1970,0.5988302453774189
1971,0.5208177374441997
1972,0.4753132811849145
1973,0.4146169058030467
1974,0.6180012663075042
1975,0.5230362564213848
1976,0.4669831565949287
1977,0.4466040392366994
1978,0.5480178087117472
1979,0.47888178606036996
1980,0.45501912563518304
1981,0.403199235535157
1982,0.5671888296418325
1983,0.4811003050375551
1984,0.34324858937433217
1985,0.4192630197383847
1986,0.4698826073611064
1987,0.5387495592684117
1988,0.34070549337463624
1989,0.38527915099689203
1990,0.4984745632512413
1991,0.5503890132056465
1992,0.4479678576432371
1993,0.428654217020316
1994,0.49842024897542014
1995,0.4719591298957517
1996,0.445424761643541
1997,0.3946703482788232
1998,0.5270122048655551
1999,0.48359858383298643
2000,0.3890360717279639
2001,0.46505050209201654
2002,0.49941222183047
2003,0.5682791737377753
2004,0.35853477337927897
2005,0.40310843100153476
2006,0.5000459753716159
2007,0.551960425326021
2008,0.47113915030517467
2009,0.4518255096822536
2010,0.5509970192917407
2011,0.5245359002120722
2012,0.4406378519564897
2013,0.38988343859177177
2014,0.5516307728328865
2015,0.5082171518003179
2016,0.33328136765108113
2017,0.34772494022152517
2018,0.4215181892492634
2019,0.4674050675213071
2020,0.36527770054676845
2021,0.34828050037541564
2022,0.48464957403478154
2023,0.513583950353925
2024,0.38081707052386005
2025,0.3428672012912592
2026,0.3928722654674512
2027,0.38636570193645
2028,0.41281340341954736
2029,0.34342276144514966
2030,0.45600365025296935
2031,0.43254458476906804
2032,0.44374685502762495
2033,0.4581904275980689
2034,0.5157258087415391
2035,0.5616126870135827
2036,0.4516632016198531
2037,0.43466600144850037
2038,0.5547772072235981
2039,0.5837115835427417
2040,0.46866636820870977
2041,0.43071649897610875
2042,0.5101270408066837
2043,0.5036204772756826
2044,0.4765827148009379
2045,0.4071920728265402
2046,0.5491784392887428
2047,0.5257193738048415
2048,0.4964615454704573
2049,0.4030050376797559
2050,0.5255726469971863
2051,0.39911543471618294
2052,0.5852982706295662
2053,0.4975417820951021
2054,0.5690216695078537
2055,0.4166524774951466
2056,0.4525449141032929
2057,0.5225580472992992
2058,0.4818024706503774
2059,0.5188148993560816
2060,0.5413816392624017
2061,0.6170947917146453
2062,0.5252514931610447
2063,0.5363519421350453
2064,0.515657102951432
2065,0.42220059516073055
2066,0.5236969731140633
2067,0.39723976083306
2068,0.49441490464540383
2069,0.4066584161109397
2070,0.4570670721595939
2071,0.30469788014688676
2072,0.4123140304044724
2073,0.48232716360047867
2074,0.4414123030815311
2075,0.47842473178723544
2076,0.3910718320984443
2077,0.4667849845506879
2078,0.37478240212706165
2079,0.3858828511010622
2080,0.46670863897301845
2081,0.4578961479469725
2082,0.5373305413123544
2083,0.44467978449597206
2084,0.4590700329834636
2085,0.455957561213655
2086,0.4843042326743581
2087,0.3657414961262721
2088,0.5135921517577077
2089,0.635811629919697
2090,0.5843605091173989
2091,0.622741721489052
2092,0.5059535457681528
2093,0.6338730431863795
2094,0.5313342004794027
2095,0.5438034331193521
2096,0.44824208044135183
2097,0.4394295894153059
2098,0.49779275141659013
2099,0.4051419946002079
2100,0.4832695912804441
2101,0.4801571195106354
2102,0.4874325596072409
2103,0.3688698230591549
2104,0.43569915204624593
2105,0.5579186302082353
2106,0.5063082255359114
2107,0.5446894379075645
2108,0.4707266628853381
2109,0.5986461603035648
2110,0.4959480337265622
2111,0.5084172663665115
2112,0.4143577642232481
2113,0.4012659994085784
2114,0.4949560165787943
2115,0.41754953141670903
2116,0.45880621002238975
2117,0.45141446446395755
2118,0.4940167597294947
2119,0.3906982948357058
2120,0.38384561350590296
2121,0.47003654584040383
2122,0.4645903208818047
2123,0.4864665328688898
2124,0.42829405930504466
2125,0.520185010895783
2126,0.4636510640325051
2127,0.4596152962878865
2128,0.44716501609698
2129,0.4340732512823105
2130,0.5066920370884287
2131,0.42928555192634343
2132,0.46365525954713277
2133,0.45626351398870063
2134,0.47779457789014007
2135,0.37447611299635114
2136,0.3572264241998398
2137,0.44341735653434067
2138,0.43781184770571574
2139,0.45968805969280097
2140,0.37371666764999256
2141,0.4656076192407308
2142,0.4089143885074271
2143,0.4048786207628086
2144,0.406801522738714
2145,0.3810898045567135
2146,0.437849445559205
2147,0.4084996725816163
2148,0.48578939743323896
2149,0.4657776985074758
2150,0.4714496176052887
2151,0.4161878648959962
2152,0.4670895161732224
2153,0.50822282334172
2154,0.498283894014069
2155,0.5357791463869783
2156,0.5460773908677473
2157,0.5929107172924823
2158,0.5318840660601526
2159,0.5434673387013581
2160,0.40038694593299234
2161,0.3746752277509917
2162,0.4103636373893858
2163,0.3810138644117971
2164,0.4552948343240582
2165,0.43528313539829505
2166,0.4198838231320104
2167,0.36462207042271794
2168,0.4012484981877056
2169,0.4423818053562032
2170,0.43228359215852635
2171,0.4697788445314357
2172,0.4561563865787716
2173,0.5029897130035066
2174,0.441803777901151
2175,0.45338705054235656
2176,0.5408476131069472
2177,0.4302377236416468
2178,0.5950548193782977
2179,0.4919521995288172
2180,0.6091169626316412
2181,0.4670663004245439
2182,0.6799778884452782
2183,0.5599227666428975
2184,0.49693098173978284
2185,0.5497907332611901
2186,0.5512846430314887
2187,0.6116516641687159
2188,0.5652003312644768
2189,0.5866193100440872
2190,0.6362077120984692
2191,0.6796222312827963
2192,0.5600431705879219
2193,0.44943328112262154
2194,0.5931791454951747
2195,0.49007652564569426
2196,0.5182335966474788
2197,0.3761829344403817
2198,0.5680232910970183
2199,0.44796816929463773
2200,0.45670009804096234
2201,0.5095598495623695
2202,0.5108944754626424
2203,0.5712614965998697
2204,0.41489052410051924
2205,0.43630950288012976
2206,0.48573862106448606
2207,0.5291531402488131
2208,0.5110947066095083
2209,0.48512883390886335
2210,0.6068127136934657
2211,0.5375165493086062
2212,0.48288872498553853
2213,0.42548207954309686
2214,0.5952604516117826
2215,0.509011785274023
2216,0.5579782193941976
2217,0.6630443158815879
2218,0.6538426814985102
2219,0.7155784863016863
2220,0.5297722377702277
2221,0.6033975615158214
2222,0.6422904194168272
2223,0.6870737222671032
2224,0.49262814807784183
2225,0.46666227537719673
2226,0.5672749237977014
2227,0.497978759412842
2228,0.5070882832825191
2229,0.4496816378400772
2230,0.5983887785446654
2231,0.5121401122069058
2232,0.4800852196827358
2233,0.5851513161701262
2234,0.5757903979170228
2235,0.6375262027201987
2236,0.494545354887413
2237,0.5681706786330066
2238,0.6069042526639866
2239,0.6516875555142624
2240,0.45874383185973794
2241,0.42849868537046926
2242,0.5644381889599056
2243,0.5103862962293433
2244,0.48262490202446484
2245,0.4209389827933994
2246,0.604972978666919
2247,0.5339685839834566
2248,0.4282316811423929
2249,0.49726923180229465
2250,0.534072493262916
2251,0.579303297681524
2252,0.45211275130711975
2253,0.48970952922522476
2254,0.5746072829699295
2255,0.6028855854356375
2256,0.49155108373346995
2257,0.4613059372442014
2258,0.57617420946954
2259,0.5221223167389777
2260,0.48747395154920775
2261,0.4257880323181425
2262,0.5887507968275644
2263,0.517746402144102
2264,0.4016124918363297
2265,0.4706500424962315
2266,0.507294020086827
2267,0.5525248245054352
2268,0.3975353596520676
2269,0.43513213757017266
2270,0.5198706074448515
2271,0.5481489099105595
2272,0.45118759037520384
2273,0.4083224905186043
2274,0.5073316179403163
2275,0.5013364373942505
2276,0.5096080894353139
2277,0.43530221683691767
2278,0.5824058365427132
2279,0.559458154043747
2280,0.5114755838097123
2281,0.5354555093036109
2282,0.5677660663951803
2283,0.6286159111996125
2284,0.5698960828698224
2285,0.5624352356219242
2286,0.6428402849975771
2287,0.6867376278491092
2288,0.4447730135694821
2289,0.40190791371288254
2290,0.479845809770497
2291,0.47385062922443116
2292,0.47911352632613324
2293,0.404807653727737
2294,0.5308400420694348
2295,0.5078923595704689
2296,0.4456345658241955
2297,0.46961449131809413
2298,0.5017657645396377
2299,0.56261560934407
2300,0.4799750785808466
2301,0.47251423133294845
2302,0.5527599968385754
2303,0.5966573396901075
2304,0.4691584951897744
2305,0.375701987399073
2306,0.4982695967165034
2307,0.3718123844355001
2308,0.5579952203488833
2309,0.47023873181441916
2310,0.5417186192271708
2311,0.38934942721446375
2312,0.4252418638226101
2313,0.49525499701861636
2314,0.45449942036969454
2315,0.49151184907539885
2316,0.5140785889817189
2317,0.5897917414339625
2318,0.49794844288036183
2319,0.5090488918543624
2320,0.57568063524262
2321,0.4822241274519186
2322,0.5837205054052514
2323,0.4572632931242481
2324,0.554438436936592
2325,0.46668194840212784
2326,0.5170906044507819
2327,0.3647214124380749
2328,0.4723375626956605
2329,0.5423506958916668
2330,0.5014358353727192
2331,0.5384482640784235
2332,0.45109536438963244
2333,0.526808516841876
2334,0.4348059344182497
2335,0.44590638339225025
2336,0.38802491465592004
2337,0.379212423629874
2338,0.45864681699525595
2339,0.3659960601788736
2340,0.3803863086663652
2341,0.3772738368965565
2342,0.4056205083572597
2343,0.28705777180917363
2344,0.4349084274406092
2345,0.5571279056025985
2346,0.5056767848003004
2347,0.5440579971719536
2348,0.42726982145105435
2349,0.555189318869281
2350,0.45265047616230425
2351,0.46511970880225356
2352,0.45402164951243557
2353,0.44520915848638953
2354,0.5035723204876738
2355,0.4109215636712915
2356,0.4890491603515277
2357,0.48593668858171907
2358,0.49321212867832465
2359,0.3746493921302385
2360,0.4414787211173296
2361,0.563698199279319
2362,0.512087794606995
2363,0.5504690069786481
2364,0.4765062319564217
2365,0.6044257293746484
2366,0.5017276027976457
2367,0.5141968354375951
2368,0.421727518572841
2369,0.40863575375817146
2370,0.5023257709283873
2371,0.42491928576630206
2372,0.4661759643719828
2373,0.45878421881355064
2374,0.5013865140790876
2375,0.3980680491852988
2376,0.391215367855496
2377,0.4774063001899968
2378,0.47196007523139766
2379,0.4938362872184829
2380,0.43566381365463774
2381,0.5275547652453759
2382,0.4710208183820981
2383,0.46698505063747947
2384,0.5024102785202909
2385,0.48931851370562135
2386,0.5619372995117394
2387,0.4845308143496543
2388,0.5189005219704436
2389,0.5115087764120115
2390,0.533039840313451
2391,0.429721375419662
2392,0.41247168662315065
2393,0.49866261895765157
2394,0.4930571101290266
2395,0.5149333221161118
2396,0.4289619300733034
2397,0.5208528816640418
2398,0.464159650930738
2399,0.4601238831861194
2400,0.3955166108756871
2401,0.3698048926936865
2402,0.42656453369617814
2403,0.3972147607185894
2404,0.474504485570212
2405,0.4544927866444488
2406,0.4601647057422618
2407,0.4049029530329693
2408,0.4558046043101955
2409,0.4969379114786931
2410,0.48699898215104204
2411,0.5244942345239514
2412,0.5347924790047205
2413,0.5816258054294555
2414,0.5205991541971257
2415,0.5321824268383313
2416,0.4748670848771012
2417,0.4491553666951007
2418,0.48484377633349474
2419,0.4554940033559059
2420,0.5297749732681672
2421,0.509763274342404
2422,0.4943639620761193
2423,0.4391022093668268
2424,0.4757286371318145
2425,0.5168619443003121
2426,0.5067637311026353
2427,0.5442589834755446
2428,0.5306365255228805
2429,0.5774698519476155
2430,0.5162839168452599
2431,0.5278671894864655
2432,0.5135445628262643
2433,0.40293467336096395
2434,0.5677517690976148
2435,0.46464914924813433
2436,0.5818139123509581
2437,0.43976325014386103
2438,0.6526748381645953
2439,0.5326197163622146
2440,0.4696279314590999
2441,0.5224876829805072
2442,0.5239815927508058
2443,0.584348613888033
2444,0.5378972809837937
2445,0.5593162597634043
2446,0.6089046618177864
2447,0.6523191810021134
2448,0.6200667028791099
2449,0.5094568134138096
2450,0.6532026777863629
2451,0.5501000579368823
2452,0.578257128938667
2453,0.43620646673156976
2454,0.6280468233882064
2455,0.5079917015858257
2456,0.5167236303321504
2457,0.5695833818535577
2458,0.5709180077538305
2459,0.6312850288910578
2460,0.4749140563917074
2461,0.49633303517131794
2462,0.5457621533556741
2463,0.5891766725400013
2464,0.4324109822924099
2465,0.40644510959176494
2466,0.5281289893763672
2467,0.45883282499150774
2468,0.4042050006684401
2469,0.3467983552259984
2470,0.5165767272946841
2471,0.4303280609569246
2472,0.47929449507709904
2473,0.5843605915644894
2474,0.5751589571814119
2475,0.6368947619845877
2476,0.45108851345312934
2477,0.5247138371987229
2478,0.5636066950997287
2479,0.6083899979500045
2480,0.4984077171489254
2481,0.47244184444828047
2482,0.5730544928687852
2483,0.5037583284839257
2484,0.5128678523536027
2485,0.45546120691116093
2486,0.6041683476157491
2487,0.5179196812779894
2488,0.48586478875381944
2489,0.5909308852412098
2490,0.5815699669881064
2491,0.6433057717912823
2492,0.5003249239584967
2493,0.5739502477040903
2494,0.6126838217350702
2495,0.6574671245853462
2496,0.46611358620933085
2497,0.43586843972006245
2498,0.5718079433094986
2499,0.5177560505789364
2500,0.48999465637405776
2501,0.4283087371429925
2502,0.6123427330165121
2503,0.5413383383330497
2504,0.4356014354919859
2505,0.5046389861518877
2506,0.5414422476125089
2507,0.5866730520311171
2508,0.4594825056567127
2509,0.49707928357481784
2510,0.5819770373195224
2511,0.6102553397852305
2512,0.5467963461567807
2513,0.5165511996675122
2514,0.6314194718928509
2515,0.5773675791622885
2516,0.5427192139725187
2517,0.48103329474145334
2518,0.6439960592508752
2519,0.5729916645674128
2520,0.45685775425964054
2521,0.5258953049195424
2522,0.562539282510138
2523,0.607770086928746
2524,0.4527806220753785
2525,0.49037739999348356
2526,0.5751158698681623
2527,0.6033941723338704
2528,0.4399026785121769
2529,0.3970375786555773
2530,0.49604670607728946
2531,0.4900515255312235
2532,0.498323177572287
2533,0.42401730497389084
2534,0.5711209246796861
2535,0.5481732421807202
2536,0.5001906719466854
2537,0.5241705974405839
2538,0.5564811545321534
2539,0.6173309993365855
2540,0.5586111710067955
2541,0.5511503237588974
2542,0.6315553731345501
2543,0.6754527159860824
2544,0.519253152513591
2545,0.4763880526569915
2546,0.554325948714606
2547,0.5483307681685402
2548,0.5535936652702421
2549,0.4792877926718459
2550,0.6053201810135438
2551,0.5823724985145776
2552,0.5201147047683045
2553,0.5440946302622031
2554,0.5762459034837466
2555,0.6370957482881788
2556,0.5544552175249554
2557,0.5469943702770573
2558,0.6272401357826843
2559,0.6711374786342166
2560,0.5984447123924632
2561,0.4511760991634333
2562,0.6090715908126247
2563,0.44546154087783923
2564,0.687281437551572
2565,0.5457128435787795
2566,0.652520613323292
2567,0.4629985836568029
2568,0.5413504481276304
2569,0.4996190510041296
2570,0.5521237815681473
2571,0.494050947738891
2572,0.6301871732867391
2573,0.5941557954194758
2574,0.5955728040788147
2575,0.5115879905178546
2576,0.6176402698734378
2577,0.470371656644408
2578,0.6071959169295017
2579,0.4435858669947163
2580,0.5963980715674098
2581,0.4548294775946171
2582,0.5405660159750322
2583,0.35104398630854305
2584,0.5011195644288099
2585,0.4593881673053091
2586,0.5117336139993011
2587,0.45366078017004474
2588,0.4798773661227818
2589,0.44384598825551835
2590,0.44510371304483165
2591,0.3611188994838715
2592,0.5581079769209735
2593,0.5036124767388906
2594,0.621398789300205
2595,0.47763840971885196
2596,0.5504693709314187
2597,0.5016738900055732
2598,0.5683724806622087
2599,0.39870012134915195
2600,0.5492013354604802
2601,0.5678053795852542
2602,0.6126386028600672
2603,0.541977767585571
2604,0.5415627294709254
2605,0.5658667928519369
2606,0.559612294222071
2607,0.463039479215871
2608,0.5396414183893069
2609,0.48514591820722397
2610,0.5818609994044407
2611,0.4381006198230877
2612,0.5746689292283991
2613,0.5258734483025537
2614,0.5715008075950915
2615,0.40182844828203473
2616,0.4713083357490186
2617,0.48991237987379255
2618,0.5345863192785797
2619,0.46392548400408345
2620,0.5063358465881107
2621,0.5306399099691221
2622,0.5242261274692305
2623,0.42765331246303045
2624,0.45196503866355303
2625,0.4456595707770245
2626,0.5140790679125318
2627,0.46011814746313395
2628,0.4964134844626948
2629,0.49580803583240357
2630,0.5131398110632321
2631,0.4332669108821306
2632,0.44008444312953654
2633,0.47804626426365043
2634,0.5023449273988708
2635,0.4926512959701154
2636,0.48453288892867835
2637,0.5281947293190296
2638,0.5014056705495711
2639,0.46580005938911206
2640,0.4847722905372851
2641,0.47846682265075646
2642,0.5258150884221662
2643,0.47185416797276836
2644,0.5012625339874378
2645,0.5006570853571466
2646,0.4969176292238775
2647,0.41704472904277595
2648,0.4134652538234735
2649,0.4514270749575873
2650,0.4755664542227818
2651,0.4658728227940265
2652,0.42995549727362614
2653,0.47361733766397746
2654,0.44666899502449325
2655,0.41106338386403407
2656,0.433824968204968
2657,0.4230286432334002
2658,0.45754180106535475
2659,0.4376808076892648
2660,0.512812842899493
2661,0.5077165371841625
2662,0.4911419731114384
2663,0.4453690000036447
2664,0.47013199547529116
2665,0.4711652877256935
2666,0.4939952833560333
2667,0.4859639072019135
2668,0.5491198701698162
2669,0.5558531816764559
2670,0.527595455402117
2671,0.4936520995162934
2672,0.4274103913992464
2673,0.41661406642767856
2674,0.4300559928955356
2675,0.41019499951944555
2676,0.48231827979031244
2677,0.4772219740749819
2678,0.4395761786381602
2679,0.3938032055303664
2680,0.40429097748977444
2681,0.4053242697401767
2682,0.4279949815004908
2683,0.4199636053463709
2684,0.45919886588084036
2685,0.46593217738748005
2686,0.4375151672431154
2687,0.40357181135729175
2688,0.5166384915749355
2689,0.3522164966713066
2690,0.5523614747397184
2691,0.41210601723645585
2692,0.5849078410996293
2693,0.38904507345420375
2694,0.6372845438066989
2695,0.4800765843505362
2696,0.45954422731010275
2697,0.40065944851200297
2698,0.4954136654952412
2699,0.4606954240975077
2700,0.5278135768347966
2701,0.43748802529490005
2702,0.5803367345622217
2703,0.528665991211588
2704,0.5358340490559103
2705,0.3714120541522812
2706,0.5504858008565955
2707,0.4102303433533329
2708,0.49402447511546715
2709,0.29816170747004145
2710,0.5253299464584391
2711,0.36812198700227633
2712,0.4193133436112823
2713,0.3604285648131824
2714,0.4550234979263948
2715,0.42030525652866135
2716,0.37750376967083926
2717,0.28717821813094263
2718,0.4298676435282385
2719,0.3781969001776049
2720,0.4763017561034458
2721,0.40465287424676394
2722,0.5646886732272988
2723,0.4442828860774686
2724,0.44809577447947607
2725,0.34500611988099744
2726,0.5531364111456155
2727,0.4157781220428853
2728,0.4673951146429527
2729,0.4688457770931276
2730,0.5559284867871609
2731,0.5086222439441876
2732,0.43918913301898294
2733,0.40919902272736103
2734,0.5443762247054779
2735,0.48011747990960435
2736,0.4578351975717792
2737,0.3861863157150974
2738,0.5251508833315345
2739,0.40474509618170434
2740,0.4722953327764565
2741,0.36920567817797784
2742,0.5562647380784983
2743,0.41890644897576806
2744,0.38950211493149095
2745,0.3909527773816659
2746,0.4778762032056734
2747,0.43056996036270007
2748,0.40396225013616816
2749,0.37397213984454636
2750,0.5089900579526373
2751,0.44473131315676384
2752,0.3701588178460254
2753,0.34669996828489774
2754,0.4573689518396255
2755,0.42676262382175056
2756,0.3940398880107523
2757,0.3391402657078279
2758,0.497903741546639
2759,0.450344911575864
2760,0.3582782223120089
2761,0.3790866617715238
2762,0.44563481132596444
2763,0.45929577232873203
2764,0.3821592924767358
2765,0.3715269591944539
2766,0.48616960103297807
2767,0.48287806008284545
2768,0.4029660697197574
2769,0.3795072201586298
2770,0.4691049723492599
2771,0.43849864433138497
2772,0.3988889375354952
2773,0.34398931523257087
2774,0.4816815597072844
2775,0.43412272973650934
2776,0.33165903300594574
2777,0.3524674724654606
2778,0.41885633814987555
2779,0.4325172991526431
2780,0.32758190082168365
2781,0.31694956753940173
2782,0.43143292550790013
2783,0.4281413845577675
2784,0.3520187473874404
2785,0.3240690407412735
2786,0.4008316849924485
2787,0.40432528404788143
2788,0.41043924644755053
2789,0.35104876705958693
2790,0.47590590359484525
2791,0.462447000697378
2792,0.3883257746577635
2793,0.37220568523356684
2794,0.43728516728312705
2795,0.4526083835605301
2796,0.4467462737178736
2797,0.3991854115518801
2798,0.5123593858855239
2799,0.5107301002100267
2800,0.3456041705817188
2801,0.31765446393555186
2802,0.3733458768226292
2803,0.37683947587806216
2804,0.3799446833383699
2805,0.3205542039504062
2806,0.42434010912156706
2807,0.4108812062240997
2808,0.32248475667224674
2809,0.30636466724805
2810,0.3712848654275845
2811,0.3866080817049875
2812,0.35682526942889786
2813,0.30926440726290433
2814,0.4222790977265223
2815,0.42064981205102514
2816,0.5711416621117803
2817,0.4238730488827504
2818,0.5817685405319418
2819,0.4181584905971563
2820,0.6599783872708891
2821,0.5184097932980966
2822,0.6252175630426092
2823,0.43569553337612005
2824,0.5140473978469475
2825,0.47231600072344676
2826,0.5248207312874645
2827,0.46674789745820816
2828,0.6028841230060563
2829,0.5668527451387929
2830,0.5682697537981318
2831,0.48428494023717183
2832,0.6776638021646261
2833,0.5303951889355961
2834,0.6672194492206899
2835,0.5036093992859044
2836,0.6564216038585978
2837,0.5148530098858053
2838,0.6005895482662204
2839,0.4110675185997312
2840,0.5611430967199981
2841,0.5194116995964972
2842,0.5717571462904892
2843,0.5136843124612328
2844,0.5399008984139699
2845,0.5038695205467065
2846,0.5051272453360197
2847,0.4211424317750596
2848,0.47942425260387506
2849,0.4249287524217922
2850,0.5427150649831064
2851,0.39895468540175344
2852,0.47178564661432015
2853,0.4229901656884747
2854,0.4896887563451103
2855,0.3200163970320535
2856,0.4705176111433819
2857,0.4891216552681558
2858,0.5339548785429687
2859,0.4632940432684725
2860,0.462879005153827
2861,0.48718306853483834
2862,0.48092856990497257
2863,0.38435575489877255
2864,0.5454209874603906
2865,0.4909254872783077
2866,0.5876405684755245
2867,0.4438801888941713
2868,0.5804484982994828
2869,0.5316530173736372
2870,0.5772803766661753
2871,0.4076080173531183
2872,0.47708790482010227
2873,0.49569194894487617
2874,0.5403658883496634
2875,0.46970505307516713
2876,0.5121154156591944
2877,0.5364194790402058
2878,0.530005696540314
2879,0.43343288153411413
2880,0.459334793013146
2881,0.4530293251266175
2882,0.5214488222621249
2883,0.4674879018127269
2884,0.5037832388122878
2885,0.5031777901819966
2886,0.5205095654128252
2887,0.44063666523172357
2888,0.44745419747912957
2889,0.48541601861324346
2890,0.5097146817484638
2891,0.5000210503197083
2892,0.4919026432782714
2893,0.5355644836686226
2894,0.5087754248991642
2895,0.47316981373870504
2896,0.540017552960596
2897,0.5337120850740673
2898,0.581060350845477
2899,0.5270994303960793
2900,0.5565077964107487
2901,0.5559023477804576
2902,0.5521628916471883
2903,0.4722899914660869
2904,0.46871051624678434
2905,0.5066723373808982
2906,0.5308117166460927
2907,0.5211180852173374
2908,0.48520075969693705
2909,0.5288626000872884
2910,0.501914257447804
2911,0.466308646287345
2912,0.4225400563419412
2913,0.4117437313703733
2914,0.4462568892023279
2915,0.4263958958262379
2916,0.5015279310364662
2917,0.49643162532113566
2918,0.47985706124841143
2919,0.4340840881406178
2920,0.4588470836122643
2921,0.45988037586266656
2922,0.4827103714930065
2923,0.4746789953388866
2924,0.5378349583067893
2925,0.544568269813429
2926,0.5163105435390901
2927,0.48236718765326647
2928,0.5018905303433553
2929,0.49109420537178744
2930,0.5045361318396445
2931,0.4846751384635544
2932,0.5567984187344214
2933,0.5517021130190908
2934,0.5140563175822691
2935,0.4682833444744752
2936,0.4787711164338833
2937,0.47980440868428564
2938,0.5024751204445997
2939,0.4944437442904798
2940,0.5336790048249493
2941,0.5404123163315889
2942,0.5119953061872243
2943,0.4780519503014007
2944,0.4893354412942527
2945,0.3249134463906237
2946,0.5250584244590356
2947,0.38480296695577293
2948,0.5576047908189466
2949,0.36174202317352083
2950,0.609981493526016
2951,0.4527735340698533
2952,0.4322411770294199
2953,0.3733563982313201
2954,0.46811061521455827
2955,0.43339237381682477
2956,0.5005105265541138
2957,0.4101849750142172
2958,0.5530336842815388
2959,0.5013629409309052
2960,0.5958575813470982
2961,0.43143558644346935
2962,0.6105093331477837
2963,0.4702538756445211
2964,0.5540480074066553
2965,0.35818523976122957
2966,0.5853534787496272
2967,0.4281455192934645
2968,0.47933687590247037
2969,0.4204520971043706
2970,0.5150470302175829
2971,0.48032878881984953
2972,0.4375273019620274
2973,0.34720175042213075
2974,0.4898911758194266
2975,0.438220432468793
2976,0.39761803178634736
2977,0.32596914992966547
2978,0.48600494891020013
2979,0.36559916176037005
2980,0.36941205016237766
2981,0.266322395563899
2982,0.4744526868285171
2983,0.3370943977257868
2984,0.38871139032585417
2985,0.39016205277602917
2986,0.4772447624700625
2987,0.4299385196270891
2988,0.3605054087018844
2989,0.33051529841026256
2990,0.4656925003883794
2991,0.4014337555925059
2992,0.4636147666428629
2993,0.39196588478618105
2994,0.5309304524026182
2995,0.410524665252788
2996,0.47807490184754015
2997,0.3749852472490615
2998,0.5620443071495821
2999,0.42468601804685174
3000,0.3952816840025746
3001,0.3967323464527495
3002,0.4836557722767571
3003,0.4363495294337838
3004,0.4097418192072518
3005,0.37975170891563
3006,0.5147696270237209
3007,0.4505108822278476
3008,0.37752857219561836
3009,0.3540697226344907
3010,0.46473870618921853
3011,0.43413237817134354
3012,0.40140964236034526
3013,0.3465100200574209
3014,0.505273495896232
3015,0.45771466592545695
3016,0.3656479766616019
3017,0.38645641612111675
3018,0.45300456567555747
3019,0.46666552667832506
3020,0.38952904682632883
3021,0.37889671354404686
3022,0.4935393553825711
3023,0.4902478144324385
3024,0.45821133214306825
3025,0.43475248258194066
3026,0.5243502347725707
3027,0.49374390675469587
3028,0.45413419995880605
3029,0.3992345776558817
3030,0.5369268221305953
3031,0.48936799215982024
3032,0.3869042954292567
3033,0.40771273488877147
3034,0.4741016005731864
3035,0.487762561575954
3036,0.3828271632449945
3037,0.37219482996271264
3038,0.486678187931211
3039,0.48338664698107836
3040,0.34073383552441355
3041,0.3127841288782466
3042,0.38954677312942154
3043,0.3930403721848545
3044,0.3991543345845236
3045,0.33976385519656
3046,0.4646209917318184
3047,0.4511620888343511
3048,0.37704086279473664
3049,0.3609207733705399
3050,0.4260002554201001
3051,0.4413234716975032
3052,0.4354613618548467
3053,0.38790049968885326
3054,0.5010744740224969
3055,0.49944518834699975
3056,0.4200843095258277
3057,0.3921346028796608
3058,0.4478260157667382
3059,0.45131961482217103
3060,0.45442482228247877
3061,0.3950343428945151
3062,0.4988202480656759
3063,0.48536134516820867
3064,0.3969648956163557
3065,0.38084480619215894
3066,0.4457650043716934
3067,0.4610882206490965
3068,0.4313054083730068
3069,0.38374454620701326
3070,0.4967592366706312
3071,0.4951299509951341
3072,0.51752771019388
3073,0.5235444823283589
3074,0.5315509039072768
3075,0.5045669715514537
3076,0.6000161971420414
3077,0.6117329885327576
3078,0.5701638256840313
3079,0.5172679135965045
3080,0.4447770175453525
3081,0.47466807065892275
3082,0.45894666627910463
3083,0.45583701490237294
3084,0.5272655044935137
3085,0.5628565768633215
3086,0.49755958805585904
3087,0.46853795694742373
3088,0.5367232676748547
3089,0.5427400398093335
3090,0.5296752300241537
3091,0.5026912976683308
3092,0.5091328311578791
3093,0.5208496225485952
3094,0.45820922833577143
3095,0.4053133162482445
3096,0.40454613384653193
3097,0.4344371869601022
3098,0.41855649871025835
3099,0.41544684733352666
3100,0.3769556973295563
3101,0.41254676969936394
3102,0.347090497021876
3103,0.3180688659134405
3104,0.45180972089484667
3105,0.48539050908541154
3106,0.5073437154208502
3107,0.4570862378210789
3108,0.4378228766943444
3109,0.4771036841411465
3110,0.44948130604894115
3111,0.37331184871746603
3112,0.48916468071299324
3113,0.5895543790665784
3114,0.5448451302593522
3115,0.5613965628226011
3116,0.47517783651249085
3117,0.5812675541223133
3118,0.4869827208874431
3119,0.47762217371898824
3120,0.43334316236318005
3121,0.46692395055374497
3122,0.467805925525086
3123,0.41754844792531465
3124,0.4620224349913247
3125,0.501303242438127
3126,0.45260963298182394
3127,0.37644017565034876
3128,0.4112716810015315
3129,0.5116613793551166
3130,0.46679284667786475
3131,0.48334427924111356
3132,0.4399509536296762
3133,0.5460406712394986
3134,0.4515965541346026
3135,0.4422360069661477
3136,0.43542392894667076
3137,0.5218054440571814
3138,0.5009342734888848
3139,0.5230010682519798
3140,0.473524136534865
3141,0.5656056709016131
3142,0.49515891590567224
3143,0.4913137309370635
3144,0.3760777169479625
3145,0.4221465692000273
3146,0.4417345165105318
3147,0.42348864841518113
3148,0.4141779245361567
3149,0.465946796044459
3150,0.43595915892731935
3151,0.39180131110026495
3152,0.4682311808204027
3153,0.5546126959309134
3154,0.5126702939985192
3155,0.5347370887616142
3156,0.47837318605960805
3157,0.5704547204263561
3158,0.4789367340663176
3159,0.47509154909770884
3160,0.34945852764189933
3161,0.3955273798939642
3162,0.41495604333444297
3163,0.3967101752390922
3164,0.35960053288110455
3165,0.4113694043894068
3166,0.38122248340224146
3167,0.33706463557518695
3168,0.3919026046605422
3169,0.4085841656951524
3170,0.40786261966770093
3171,0.4209061259067231
3172,0.46454224114411957
3173,0.48692382143496743
3174,0.4366266909798717
3175,0.42375821748719017
3176,0.44266204512850793
3177,0.4619655724886013
3178,0.4587685151560222
3179,0.4744339877205274
3180,0.5153016816120854
3181,0.5403052282284163
3182,0.487532586468193
3183,0.47728607930099437
3184,0.3854880278548205
3185,0.4021695888894308
3186,0.38037681149788166
3187,0.3934203177369038
3188,0.43404767803493893
3189,0.4564292583257867
3190,0.3850608965065934
3191,0.3721924230139118
3192,0.3768210271429912
3193,0.39612455450308454
3194,0.39276821330047956
3195,0.4084336858649848
3196,0.42538067732310963
3197,0.45038422393944044
3198,0.3974522983091913
3199,0.38720579114199283
3200,0.49898665511297907
3201,0.48785004557285894
3202,0.5334726146744417
3203,0.5298432747501415
3204,0.5408318384732501
3205,0.4982544561913332
3206,0.6064528499245436
3207,0.5858710080473434
3208,0.42623596246445156
3209,0.43897363390342276
3210,0.4608683770462696
3211,0.4811133181010608
3212,0.4680811458247225
3213,0.44937804452189706
3214,0.5338486122963715
3215,0.5371410513982625
3216,0.5181822125939538
3217,0.5070456030538336
3218,0.5315969407913187
3219,0.5279676008670185
3220,0.44994847248908787
3221,0.40737109020717094
3222,0.4944982525762838
3223,0.4739164106990834
3224,0.386005078765631
3225,0.3987427502046022
3226,0.42047820947742326
3227,0.4407231505322145
3228,0.3177713386607651
3229,0.2990682373579396
3230,0.38337952126238833
3231,0.3866719603642794
3232,0.43326866581394574
3233,0.44969607232991154
3234,0.5092654261880152
3235,0.4823625410197667
3236,0.37863851802555315
3237,0.3636251517997222
3238,0.48577033028945343
3239,0.4419149431683049
3240,0.4706236256320923
3241,0.5538599423110784
3242,0.5467668410265171
3243,0.5866728660212889
3244,0.4159934778436996
3245,0.46778902178088905
3246,0.5232717451279554
3247,0.5462252681698271
3248,0.4148021072822791
3249,0.431229513798245
3250,0.46972763629225095
3251,0.4428247511240025
3252,0.4028380763225335
3253,0.38782471009670266
3254,0.4888986572223362
3255,0.44504327010118766
3256,0.3927306259206305
3257,0.4759669425996167
3258,0.4687145574450296
3259,0.5086205824398015
3260,0.38076659496088494
3261,0.43256213889807427
3262,0.48788557837511487
3263,0.5108391014169865
3264,0.4168828738657698
3265,0.4861110073016815
3266,0.5028559842560496
3267,0.5482773714506676
3268,0.41433977786607384
3269,0.45212713856018877
3270,0.5314479401461846
3271,0.5599168253879023
3272,0.3575366618670615
3273,0.38645213244452736
3274,0.4436562272776967
3275,0.448764951613869
3276,0.3549935658673656
3277,0.3524682637030346
3278,0.47224818316783174
3279,0.4604044055511038
3280,0.44969012573950184
3281,0.5189182591754135
3282,0.514592004765684
3283,0.560013391960302
3284,0.4191888273908168
3285,0.4569761880849317
3286,0.5152257583068299
3287,0.5436946435485478
3288,0.3309174725609984
3289,0.3598329431384642
3290,0.4168777541016078
3291,0.42198647843778003
3292,0.30041617421231337
3293,0.29789087204798254
3294,0.4175115076427538
3295,0.40566773002602585
3296,0.3733615495796412
3297,0.3728897289396526
3298,0.4097843304348659
3299,0.4461824291054109
3300,0.4053578824753285
3301,0.37344528909354296
3302,0.47291571522038406
3303,0.49236131193802884
3304,0.424120990047607
3305,0.42627113573310144
3306,0.46069022592318715
3307,0.4997102909192152
3308,0.4561173229432942
3309,0.4268266958869919
3310,0.5238216107087053
3311,0.5458891737518333
3312,0.3669469727739196
3313,0.36647515213393095
3314,0.3822985222650466
3315,0.41869662093559173
3316,0.37486331936614775
3317,0.3429507259843623
3318,0.4213499207471058
3319,0.44079551746475065
3320,0.35827997206209017
3321,0.3604301177475846
3322,0.3946899240676445
3323,0.43370998906367264
3324,0.36619631865431845
3325,0.33690569159801603
3326,0.4337413225497037
3327,0.45580888559283167
3328,0.49022465991319725
3329,0.496241432047676
3330,0.5042478536265939
3331,0.4772639212707708
3332,0.5727131468613584
3333,0.5844299382520747
3334,0.5428607754033484
3335,0.4899648633158215
3336,0.4174739672646696
3337,0.44736502037823983
3338,0.43164361599842177
3339,0.4285339646216901
3340,0.49996245421283086
3341,0.5355535265826384
3342,0.4702565377751762
3343,0.44123490666674076
3344,0.5967467999660427
3345,0.6027635721005217
3346,0.5896987623153419
3347,0.5627148299595187
3348,0.5691563634490672
3349,0.5808731548397834
3350,0.5182327606269596
3351,0.46533684853943263
3352,0.46456966613772005
3353,0.49446071925129026
3354,0.47858003100144647
3355,0.4754703796247148
3356,0.4369792296207444
3357,0.47257030199055206
3358,0.4071140293130641
3359,0.3780923982046287
3360,0.37312599657774825
3361,0.40670678476831307
3362,0.4286599911037518
3363,0.37840251350398035
3364,0.3591391523772458
3365,0.3984199598240481
3366,0.37079758173184274
3367,0.2946281244003675
3368,0.4104809563958947
3369,0.5108706547494799
3370,0.4661614059422538
3371,0.4827128385055026
3372,0.3964941121953924
3373,0.5025838298052149
3374,0.4082989965703447
3375,0.39893844940188977
3376,0.4391227314342638
3377,0.47270351962482865
3378,0.4735854945961697
3379,0.42332801699639827
3380,0.46780200406240846
3381,0.5070828115092106
3382,0.4583892020529077
3383,0.38221974472143244
3384,0.4170512500726151
3385,0.5174409484262003
3386,0.4725724157489483
3387,0.4891238483121972
3388,0.4457305227007598
3389,0.5518202403105823
3390,0.4573761232056863
3391,0.44801557603723136
3392,0.44279368329626373
3393,0.5291751984067744
3394,0.5083040278384777
3395,0.5303708226015728
3396,0.48089389088445805
3397,0.5729754252512061
3398,0.5025286702552653
3399,0.49868348528665657
3400,0.3834474712975555
3401,0.42951632354962027
3402,0.4491042708601249
3403,0.4308584027647741
3404,0.42154767888574973
3405,0.47331655039405196
3406,0.44332891327691243
3407,0.3991710654498579
3408,0.5234764432437137
3409,0.6098579583542243
3410,0.56791555642183
3411,0.589982351184925
3412,0.5336184484829188
3413,0.625699982849667
3414,0.5341819964896285
3415,0.5303368115210197
3416,0.4047037900652102
3417,0.45077264231727504
3418,0.4702013057577538
3419,0.45195543766240304
3420,0.4148457953044154
3421,0.46661466681271774
3422,0.4364677458255523
3423,0.39230989799849786
3424,0.3806176927975153
3425,0.39729925383212555
3426,0.3965777078046741
3427,0.4096212140436961
3428,0.4532573292810927
3429,0.47563890957194044
3430,0.42534177911684484
3431,0.4124733056241632
3432,0.431377133265481
3433,0.45068066062557444
3434,0.44748360329299525
3435,0.4631490758575005
3436,0.5040167697490586
3437,0.5290203163653894
3438,0.4762476746051661
3439,0.46600116743796743
3440,0.45996816679892943
3441,0.47664972783353976
3442,0.4548569504419906
3443,0.46790045668101277
3444,0.5085278169790479
3445,0.5309093972698956
3446,0.45954103545070235
3447,0.4466725619580207
3448,0.4513011660871
3449,0.47060469344719347
3450,0.46724835224458855
3451,0.4829138248090937
3452,0.4998608162672186
3453,0.5248643628835493
3454,0.4719324372533003
3455,0.46168593008610165
3456,0.4716836048322963
3457,0.4605469952921761
3458,0.5061695643937588
3459,0.5025402244694586
3460,0.5135287881925672
3461,0.47095140591065027
3462,0.5791497996438607
3463,0.5585679577666604
3464,0.39893291218376864
3465,0.4116705836227399
3466,0.43356532676558673
3467,0.4538102678203779
3468,0.4407780955440396
3469,0.4220749942412141
3470,0.5065455620156886
3471,0.5098380011175797
3472,0.578205744885142
3473,0.5670691353450218
3474,0.5916204730825069
3475,0.5879911331582066
3476,0.509972004780276
3477,0.467394622498359
3478,0.5545217848674721
3479,0.5339399429902715
3480,0.4460286110568192
3481,0.4587662824957904
3482,0.4805017417686113
3483,0.5007466828234025
3484,0.3777948709519532
3485,0.35909176964912765
3486,0.44340305355357645
3487,0.44669549265546754
3488,0.35458494149684733
3489,0.37101234801281313
3490,0.43058170187091677
3491,0.4036788167026682
3492,0.2999547937084547
3493,0.2849414274826237
3494,0.407086605972355
3495,0.3632312188512064
3496,0.3919399013149938
3497,0.47517621799397997
3498,0.46808311670941866
3499,0.5079891417041905
3500,0.3373097535266012
3501,0.3891052974637905
3502,0.44458802081085697
3503,0.4675415438527286
3504,0.4205816763533628
3505,0.43700908286932866
3506,0.4755072053633347
3507,0.44860432019508606
3508,0.4086176453936172
3509,0.3936042791677863
3510,0.49467822629341995
3511,0.45082283917227123
3512,0.3985101949917142
3513,0.4817465116707003
3514,0.47449412651611333
3515,0.5144001515108851
3516,0.38654616403196856
3517,0.438341707969158
3518,0.4936651474461986
3519,0.5166186704880703
3520,0.42425262821536286
3521,0.4934807616512746
3522,0.5102257386056427
3523,0.5556471258002605
3524,0.4217095322156668
3525,0.4594968929097818
3526,0.5388176944957775
3527,0.5672865797374954
3528,0.3649064162166545
3529,0.3938218867941204
3530,0.45102598162728974
3531,0.45613470596346195
3532,0.3623633202169585
3533,0.35983801805262766
3534,0.47961793751742476
3535,0.46777415990069665
3536,0.5049353881628127
3537,0.5741635215987243
3538,0.569837267188995
3539,0.6152586543836128
3540,0.4744340898141277
3541,0.5122214505082426
3542,0.5704710207301409
3543,0.5989399059718585
3544,0.38616273498430925
3545,0.41507820556177516
3546,0.47212301652491867
3547,0.4772317408610909
3548,0.3556614366356243
3549,0.35313613447129333
3550,0.4727567700660647
3551,0.4609129924493367
3552,0.36207663771661425
3553,0.36160481707662556
3554,0.39849941857183907
3555,0.43489751724238407
3556,0.39407297061230157
3557,0.36216037723051614
3558,0.46163080335735723
3559,0.481076400075002
3560,0.41283607818458007
3561,0.4149862238700745
3562,0.4494053140601602
3563,0.4884253790561883
3564,0.44483241108026733
3565,0.41554178402396497
3566,0.5125366988456784
3567,0.5346042618888063
3568,0.44142711171802845
3569,0.4409552910780398
3570,0.45677866120915556
3571,0.49317675987970055
3572,0.4493434583102567
3573,0.4174308649284712
3574,0.4958300596912147
3575,0.5152756564088595
3576,0.43276011100619916
3577,0.43491025669169353
3578,0.4691700630117535
3579,0.5081901280077815
3580,0.4406764575984274
3581,0.41138583054212496
3582,0.5082214614938126
3583,0.5302890245369405
3584,0.46071022812018875
3585,0.4129148948163391
3586,0.456249198727018
3587,0.39211242871741275
3588,0.54319871506835
3589,0.5011034010207377
3590,0.4948621205037726
3591,0.4048133707624635
3592,0.51314043951026
3593,0.43128696230432323
3594,0.5088258651374447
3595,0.4106309512257524
3596,0.5956289264584212
3597,0.5194754685087218
3598,0.5474387869141991
3599,0.42333189327080306
3600,0.4799057856011634
3601,0.43211045229731365
3602,0.454373524843895
3603,0.39023675483428977
3604,0.4523153490841878
3605,0.41022003503657545
3606,0.38290752315551274
3607,0.29285877341420363
3608,0.4729095558114395
3609,0.3910560786055027
3610,0.4684356975685984
3611,0.370240783656906
3612,0.4453191192944639
3613,0.3691656613447645
3614,0.396969695880216
3615,0.2728628022368199
3616,0.49455180898863516
3617,0.48244958802316323
3618,0.5427547135545344
3619,0.4413876131897922
3620,0.4805649647881329
3621,0.47416276307889826
3622,0.48489230418262524
3623,0.3576132240861794
3624,0.48979845498258046
3625,0.4865727192989502
3626,0.5381478145688351
3627,0.4456571994859347
3628,0.4758116107820782
3629,0.4782858943546852
3630,0.4802854051969259
3631,0.3618828103823219
3632,0.4760852504569686
3633,0.4639830294914966
3634,0.5032169236587701
3635,0.401849823294028
3636,0.5047645230851133
3637,0.4983623213758787
3638,0.48802063111550803
3639,0.36074155101906213
3640,0.4119054552711187
3641,0.4086797195874885
3642,0.4600955309873475
3643,0.36760491590444716
3644,0.4405847278992634
3645,0.4430590114718705
3646,0.44489923844408547
3647,0.3264966436294812
3648,0.3142305543912786
3649,0.40739836642993027
3650,0.36125667582692506
3651,0.4067690353027074
3652,0.3523307619794729
3653,0.4511985932743619
3654,0.3554813182437126
3655,0.3750816979877913
3656,0.4118744345121661
3657,0.40971417556384404
3658,0.45904701096816797
3659,0.40923129945697667
3660,0.44997464210036037
3661,0.45351440240827573
3662,0.4532716533849555
3663,0.3775439621420605
3664,0.34703780626501063
3665,0.4402056183036622
3666,0.37299269633655946
3667,0.4185050558123418
3668,0.3571798115042159
3669,0.45604764279910487
3670,0.339259136404358
3671,0.35885951614843664
3672,0.38525524520610305
3673,0.3830949862577809
3674,0.43226853779207913
3675,0.3824528262808877
3676,0.39539725044530827
3677,0.3989370107532235
3678,0.3985349778598776
3679,0.3228072866169826
3680,0.37026880027262976
3681,0.40186575451767276
3682,0.37889772531968413
3683,0.4014300111602051
3684,0.4429084367562073
3685,0.4802054102574877
3686,0.407661796631855
3687,0.40428210274067206
3688,0.41072911499739134
3689,0.38993262743938933
3690,0.4195044950648012
3691,0.3896433391022771
3692,0.48336875148096886
3693,0.46827228317920433
3694,0.44826856637697193
3695,0.3924954306827442
3696,0.36385422346690816
3697,0.3954511777119511
3698,0.3514119171498649
3699,0.37394420299038583
3700,0.41241387364702664
3701,0.44971084714830706
3702,0.3560960021585767
3703,0.3527163082673938
3704,0.3448880970118746
3705,0.3240916094538726
3706,0.35350419320925863
3707,0.32364303724673454
3708,0.39344774719199305
3709,0.3783512788902285
3710,0.3581882782179704
3711,0.3024151425237425
3712,0.4244788368941638
3713,0.35953012191571504
3714,0.4404805733490589
3715,0.39969839577097654
3716,0.46632402025443476
3717,0.36993453253418934
3718,0.5134608085991609
3719,0.4557261290681784
3720,0.476909048284235
3721,0.3779021894036992
3722,0.4930572397594856
3723,0.4182169182793161
3724,0.518754231644506
3725,0.3883066000221734
3726,0.5660374750095875
3727,0.4742446515765178
3728,0.4436743943751384
3729,0.3787256793966897
3730,0.43860489946593595
3731,0.39782272188785356
3732,0.37544065427027257
3733,0.27905116655002704
3734,0.40150621125090097
3735,0.3437715317199184
3736,0.4366781645854145
3737,0.33767130570487874
3738,0.45266707219063923
3739,0.37782675071046984
3740,0.36844442448054854
3741,0.23799679285821596
3742,0.4155683839756043
3743,0.32377556054253465
3744,0.4583204177626102
3745,0.4290648151225392
3746,0.5269860881765752
3747,0.44897358024335593
3748,0.4036902699742176
3749,0.3429938945923498
3750,0.5034909922780135
3751,0.4085259823918941
3752,0.4535670637565554
3753,0.43318794639832614
3754,0.5223791891908759
3755,0.4532431665394985
3756,0.39893691596816283
3757,0.3471170258681368
3758,0.4988840932923142
3759,0.41279556868803663
3760,0.4398538592309436
3761,0.4105982565908726
3762,0.48744829828081104
3763,0.4094357903475918
3764,0.427889828271198
3765,0.3671934528893302
3766,0.5066193192108963
3767,0.4116543093247769
3768,0.37567406404509374
3769,0.35529494668686445
3770,0.44432690560938837
3771,0.3751908829580109
3772,0.36371003308534816
3773,0.3118901429853221
3774,0.4634979265394737
3775,0.37740940193519606
3776,0.2779991631652536
3777,0.3540135935293062
3778,0.3454880504489659
3779,0.4143550023562712
3780,0.27545606716555765
3781,0.3200297247878135
3782,0.37408000633910093
3783,0.425994456293506
3784,0.3756430432861411
3785,0.35632940266322
3786,0.4432783855902089
3787,0.4168172665105405
3788,0.3730999472864452
3789,0.3223455339217272
3790,0.47187034148034385
3791,0.42845672044777533
3792,0.3108064150389856
3793,0.38682084540303824
3794,0.3572240709586003
3795,0.4260910228659056
3796,0.2803051166903006
3797,0.32487877431255646
3798,0.35785782449974635
3799,0.40977227445415143
3800,0.349023853980078
3801,0.32971021335715683
3802,0.41649991241411993
3803,0.3900387933344516
3804,0.318522555631393
3805,0.2677681422666751
3806,0.41713366595526596
3807,0.37372004492269734
3808,0.3340374090466047
3809,0.3484809816170487
3810,0.3631290999417251
3811,0.40901597821376884
3812,0.36603374194229205
3813,0.3490365417709393
3814,0.42626048472724326
3815,0.4551948610463869
3816,0.3744977237713663
3817,0.3365478545387654
3818,0.40373586968684205
3819,0.39722930615584096
3820,0.40649405666705357
3821,0.33710341469265587
3822,0.4668672544723602
3823,0.4434081889884589
3824,0.3276228322408831
3825,0.3420664048113271
3826,0.3356432917719058
3827,0.38153017004394957
3828,0.3355391788331114
3829,0.31854197866175854
3830,0.37469469025396496
3831,0.4036290665731086
3832,0.30865670578584953
3833,0.27070683655324856
3834,0.3377355678312995
3835,0.33122900430029834
3836,0.3165730523780778
3837,0.24718241040368005
3838,0.3767869663133587
3839,0.35332790082945736
3840,0.4334071778395059
3841,0.38561184453565617
3842,0.4289461484463351
3843,0.3648093784367299
3844,0.5158956647876672
3845,0.47380035074005483
3846,0.4675590702230897
3847,0.3775103204817807
3848,0.48583738922957714
3849,0.40398391202364037
3850,0.4815228148567618
3851,0.3833279009450694
3852,0.5683258761777384
3853,0.492172418228039
3854,0.5201357366335162
3855,0.3960288429901202
3856,0.5399293178923515
3857,0.4921339845885018
3858,0.5143970571350832
3859,0.4502602871254779
3860,0.5123388813753759
3861,0.4702435673277636
3862,0.4429310554467008
3863,0.3528823057053918
3864,0.5329330881026276
3865,0.4510796108966908
3866,0.5284592298597864
3867,0.4302643159480941
3868,0.505342651585652
3869,0.4291891936359526
3870,0.45699322817140414
3871,0.33288633452800803
3872,0.41586808467153674
3873,0.40376586370606476
3874,0.4640709892374359
3875,0.3627038888726937
3876,0.4018812404710344
3877,0.39547903876179974
3878,0.4062085798655268
3879,0.27892949976908094
3880,0.41111473066548193
3881,0.40788899498185177
3882,0.45946409025173657
3883,0.3669734751688362
3884,0.39712788646497965
3885,0.39960217003758675
3886,0.4016016808798275
3887,0.2831990860652233
3888,0.4818648195280523
3889,0.46976259856258035
3890,0.5089964927298538
3891,0.4076293923651116
3892,0.5105440921561969
3893,0.5041418904469623
3894,0.49380020018659176
3895,0.36652112009014587
3896,0.41768502434220234
3897,0.4144592886585721
3898,0.46587510005843114
3899,0.3733844849755308
3900,0.446364296970347
3901,0.44883858054295417
3902,0.45067880751516914
3903,0.3322762127005649
3904,0.32160030874087164
3905,0.41476812077952324
3906,0.368626430176518
3907,0.4141387896523005
3908,0.35970051632906586
3909,0.458568347623955
3910,0.3628510725933056
3911,0.3824514523373843
3912,0.4192441888617591
3913,0.417083929913437
3914,0.46641676531776105
3915,0.41660105380656964
3916,0.45734439644995345
3917,0.4608841567578687
3918,0.4606414077345486
3919,0.38491371649165346
3920,0.4022830686883215
3921,0.4954508807269731
3922,0.42823795875987036
3923,0.47375031823565267
3924,0.41242507392752675
3925,0.5112929052224158
3926,0.39450439882766886
3927,0.41410477857174754
3928,0.4405005076294139
3929,0.4383402486810917
3930,0.48751380021539
3931,0.43769808870419863
3932,0.4506425128686191
3933,0.4541822731765344
3934,0.4537802402831885
3935,0.37805254904029345
3936,0.3589838884096029
3937,0.3905808426546458
3938,0.36761281345665725
3939,0.39014509929717817
3940,0.43162352489318034
3941,0.46892049839446076
3942,0.39637688476882804
3943,0.39299719087764523
3944,0.3994442031343645
3945,0.3786477155763625
3946,0.40821958320177426
3947,0.37835842723925023
3948,0.4720838396179419
3949,0.4569873713161774
3950,0.4369836545139451
3951,0.38121051881971724
3952,0.43833436241101703
3953,0.4699313166560601
3954,0.42589205609397385
3955,0.4484243419344947
3956,0.48689401259113557
3957,0.524190986092416
3958,0.4305761411026856
3959,0.4271964472115027
3960,0.41936823595598355
3961,0.39857174839798154
3962,0.42798433215336756
3963,0.3981231761908435
3964,0.467927886136102
3965,0.4528314178343374
3966,0.4326684171620793
3967,0.3768952814678515
3968,0.3971757866134809
3969,0.3322270716350322
3970,0.413177523068376
3971,0.3723953454902937
3972,0.43902096997375195
3973,0.34263148225350637
3974,0.48615775831847796
3975,0.4284230787874954
3976,0.4496059980035521
3977,0.3505991391230163
3978,0.4657541894788027
3979,0.39091386799863326
3980,0.4914511813638231
3981,0.3610035497414905
3982,0.5387344247289046
3983,0.44694160129583493
3984,0.5036979266663265
3985,0.4387492116878778
3986,0.49862843175712396
3987,0.4578462541790416
3988,0.43546418656146063
3989,0.33907469884121516
3990,0.4615297435420891
3991,0.40379506401110654
3992,0.49670169687660265
3993,0.3976948379960668
3994,0.5126906044818274
3995,0.43785028300165796
3996,0.42846795677173666
3997,0.29802032514940413
3998,0.4755919162667923
3999,0.3837990928337229
4000,0.3796366934455117
4001,0.3503810908054407
4002,0.44830236385947675
4003,0.3702898559262575
4004,0.3250065456571191
4005,0.26431017027525133
4006,0.4248072679609151
4007,0.32984225807479567
4008,0.374883339439457
4009,0.3545042220812277
4010,0.4436954648737774
4011,0.37455944222239995
4012,0.3202531916510644
4013,0.2684333015510383
4014,0.4202003689752158
4015,0.3341118443709381
4016,0.4456334283020273
4017,0.4163778256619563
4018,0.49322786735189467
4019,0.41521535941867543
4020,0.43366939734228166
4021,0.3729730219604139
4022,0.51239888828198
4023,0.4174338783958606
4024,0.38145363311617736
4025,0.3610745157579481
4026,0.4501064746804721
4027,0.3809704520290946
4028,0.3694896021564318
4029,0.31766971205640565
4030,0.46927749561055737
4031,0.38318897100627974
4032,0.2853689175148466
4033,0.36138334787889925
4034,0.35285780479855894
4035,0.42172475670586423
4036,0.2828258215151506
4037,0.32739947913740647
4038,0.3814497606886939
4039,0.43336421064309905
4040,0.3830127976357341
4041,0.363699157012813
4042,0.4506481399398019
4043,0.4241870208601335
4044,0.38046970163603816
4045,0.3297152882713203
4046,0.47924009582993693
4047,0.4358264747973683
4048,0.36605167746229644
4049,0.4420661078263491
4050,0.41246933338191116
4051,0.48133628528921646
4052,0.33555037911361146
4053,0.38012403673586737
4054,0.41310308692305714
4055,0.4650175368774623
4056,0.40426911640338886
4057,0.3849554757804678
4058,0.47174517483743084
4059,0.4452840557577624
4060,0.3737678180547039
4061,0.32301340468998596
4062,0.4723789283785768
4063,0.42896530734600824
4064,0.32275249718357785
4065,0.3371960697540219
4066,0.3518441880786982
4067,0.3977310663507419
4068,0.35474883007926516
4069,0.33775162990791235
4070,0.4149755728642163
4071,0.44390994918335996
4072,0.3632128119083394
4073,0.32526294267573846
4074,0.39245095782381517
4075,0.385944394292814
4076,0.3952091448040267
4077,0.32581850282962893
4078,0.45558234260933334
4079,0.432123277125432
4080,0.4021029711849921
4081,0.41654654375543604
4082,0.4101234307160147
4083,0.4560103089880585
4084,0.4100193177772203
4085,0.39302211760586747
4086,0.44917482919807394
4087,0.47810920551721753
4088,0.3831368447299584
4089,0.34518697549735755
4090,0.4122157067754084
4091,0.40570914324440727
4092,0.3910531913221867
4093,0.321662549347789
4094,0.45126710525746755
4095,0.42780803977356624
