0;255
1;4094
2;1021
3;4092
4;1019
5;4090
6;4089
7;4088
8;503
9;4086
10;4085
11;4084
12;2035
13;4082
14;4081
15;4080
16;2031
17;4078
18;4077
19;4076
20;4075
21;4074
22;4073
23;23
24;4071
25;4070
26;4069
27;27
28;4067
29;4066
30;31
31;31
32;991
33;4062
34;4061
35;4060
36;4059
37;4058
38;4057
39;39
40;4055
41;4054
42;4053
43;43
44;4051
45;4050
46;4049
47;47
48;4047
49;4046
50;4045
51;51
52;55
53;53
54;55
55;55
56;63
57;62
58;59
59;59
60;63
61;61
62;63
63;63
64;447
65;4030
66;4029
67;4028
68;955
69;4026
70;4025
71;4024
72;951
73;4022
74;4021
75;4020
76;4019
77;4018
78;4017
79;4016
80;4015
81;4014
82;4013
83;83
84;4011
85;4010
86;4009
87;87
88;4007
89;4006
90;4005
91;91
92;4003
93;4002
94;95
95;95
96;1951
97;3998
98;3997
99;3996
100;3995
101;3994
102;3993
103;103
104;3991
105;3990
106;3989
107;107
108;3987
109;3986
110;111
111;111
112;127
113;126
114;115
115;115
116;119
117;117
118;119
119;119
120;127
121;126
122;123
123;123
124;127
125;125
126;127
127;127
128;383
129;3966
130;1917
131;3964
132;891
133;3962
134;3961
135;3960
136;375
137;3958
138;3957
139;3956
140;3955
141;3954
142;3953
143;3952
144;3951
145;3950
146;3949
147;3948
148;3947
149;3946
150;3945
151;151
152;3943
153;3942
154;3941
155;155
156;3939
157;3938
158;159
159;159
160;863
161;3934
162;3933
163;3932
164;3931
165;3930
166;3929
167;167
168;3927
169;3926
170;3925
171;171
172;3923
173;3922
174;3921
175;175
176;191
177;190
178;179
179;179
180;183
181;181
182;183
183;183
184;191
185;190
186;187
187;187
188;191
189;189
190;191
191;191
192;255
193;3902
194;3901
195;3900
196;1851
197;3898
198;3897
199;3896
200;823
201;3894
202;3893
203;3892
204;3891
205;3890
206;3889
207;207
208;3887
209;3886
210;3885
211;211
212;3883
213;3882
214;3881
215;215
216;3879
217;3878
218;3877
219;219
220;3875
221;221
222;223
223;223
224;3871
225;3870
226;3869
227;3868
228;3867
229;3866
230;3865
231;231
232;3863
233;3862
234;3861
235;235
236;3859
237;3858
238;239
239;239
240;255
241;254
242;243
243;243
244;247
245;245
246;247
247;247
248;255
249;254
250;251
251;251
252;255
253;253
254;255
255;255
256;383
257;3838
258;3837
259;3836
260;763
261;3834
262;3833
263;3832
264;759
265;3830
266;3829
267;3828
268;3827
269;3826
270;3825
271;3824
272;3823
273;3822
274;3821
275;3820
276;3819
277;3818
278;3817
279;279
280;3815
281;3814
282;3813
283;283
284;3811
285;3810
286;287
287;287
288;1759
289;3806
290;3805
291;3804
292;3803
293;3802
294;3801
295;295
296;3799
297;3798
298;3797
299;299
300;3795
301;3794
302;303
303;303
304;319
305;318
306;307
307;307
308;311
309;309
310;311
311;311
312;319
313;318
314;315
315;315
316;319
317;317
318;319
319;319
320;383
321;3774
322;3773
323;3772
324;3771
325;3770
326;3769
327;3768
328;1719
329;3766
330;3765
331;3764
332;3763
333;3762
334;3761
335;335
336;3759
337;3758
338;3757
339;339
340;3755
341;3754
342;343
343;343
344;3751
345;3750
346;347
347;347
348;351
349;349
350;351
351;351
352;3743
353;3742
354;3741
355;355
356;3739
357;3738
358;3737
359;359
360;3735
361;3734
362;3733
363;363
364;3731
365;3730
366;367
367;367
368;383
369;382
370;371
371;371
372;375
373;373
374;375
375;375
376;383
377;382
378;379
379;379
380;383
381;381
382;383
383;383
384;383
385;3710
386;3709
387;3708
388;635
389;3706
390;3705
391;3704
392;631
393;3702
394;3701
395;3700
396;3699
397;3698
398;3697
399;3696
400;3695
401;3694
402;3693
403;403
404;3691
405;3690
406;3689
407;407
408;3687
409;3686
410;3685
411;411
412;3683
413;3682
414;415
415;415
416;1631
417;3678
418;3677
419;3676
420;3675
421;3674
422;3673
423;423
424;3671
425;3670
426;3669
427;427
428;3667
429;3666
430;431
431;431
432;447
433;446
434;435
435;435
436;439
437;437
438;439
439;439
440;447
441;446
442;443
443;443
444;447
445;445
446;447
447;447
448;575
449;3646
450;3645
451;3644
452;3643
453;3642
454;3641
455;3640
456;1591
457;3638
458;3637
459;3636
460;3635
461;3634
462;3633
463;463
464;3631
465;3630
466;3629
467;467
468;3627
469;3626
470;471
471;471
472;3623
473;3622
474;475
475;475
476;479
477;477
478;479
479;479
480;3615
481;3614
482;3613
483;483
484;3611
485;3610
486;487
487;487
488;3607
489;3606
490;3605
491;491
492;3603
493;493
494;495
495;495
496;503
497;510
498;499
499;499
500;503
501;501
502;503
503;503
504;503
505;510
506;507
507;507
508;507
509;509
510;509
511;510
512;575
513;3582
514;3581
515;3580
516;3579
517;3578
518;3577
519;3576
520;1527
521;3574
522;3573
523;3572
524;3571
525;3570
526;3569
527;527
528;3567
529;3566
530;3565
531;531
532;3563
533;3562
534;535
535;535
536;3559
537;3558
538;539
539;539
540;543
541;541
542;543
543;543
544;575
545;574
546;573
547;547
548;571
549;570
550;551
551;551
552;567
553;566
554;565
555;555
556;563
557;557
558;559
559;559
560;575
561;574
562;563
563;563
564;567
565;565
566;567
567;567
568;575
569;574
570;571
571;571
572;575
573;573
574;575
575;575
576;575
577;3518
578;3517
579;3516
580;3515
581;3514
582;3513
583;583
584;3511
585;3510
586;3509
587;587
588;3507
589;3506
590;3505
591;591
592;3503
593;3502
594;3501
595;595
596;599
597;597
598;599
599;599
600;607
601;606
602;603
603;603
604;607
605;605
606;607
607;607
608;3487
609;638
610;637
611;611
612;635
613;634
614;615
615;615
616;631
617;630
618;629
619;619
620;627
621;621
622;623
623;623
624;631
625;638
626;627
627;627
628;631
629;629
630;631
631;631
632;631
633;638
634;635
635;635
636;635
637;637
638;637
639;638
640;383
641;3454
642;3453
643;3452
644;3451
645;3450
646;3449
647;3448
648;1399
649;3446
650;3445
651;3444
652;3443
653;3442
654;3441
655;655
656;3439
657;3438
658;3437
659;659
660;3435
661;3434
662;663
663;663
664;3431
665;3430
666;667
667;667
668;671
669;669
670;671
671;671
672;3423
673;702
674;701
675;675
676;699
677;698
678;679
679;679
680;695
681;694
682;693
683;683
684;691
685;685
686;687
687;687
688;695
689;702
690;691
691;691
692;695
693;693
694;695
695;695
696;695
697;702
698;699
699;699
700;699
701;701
702;701
703;702
704;575
705;3390
706;3389
707;3388
708;3387
709;3386
710;3385
711;711
712;3383
713;3382
714;3381
715;715
716;3379
717;3378
718;3377
719;719
720;735
721;734
722;723
723;723
724;727
725;725
726;727
727;727
728;735
729;734
730;731
731;731
732;735
733;733
734;735
735;735
736;3359
737;766
738;765
739;739
740;763
741;762
742;743
743;743
744;759
745;758
746;757
747;747
748;755
749;749
750;751
751;751
752;759
753;766
754;755
755;755
756;759
757;757
758;759
759;759
760;759
761;766
762;763
763;763
764;763
765;765
766;765
767;766
768;255
769;3326
770;3325
771;3324
772;3323
773;3322
774;3321
775;775
776;3319
777;3318
778;3317
779;3316
780;3315
781;3314
782;3313
783;783
784;3311
785;3310
786;3309
787;787
788;3307
789;789
790;791
791;791
792;799
793;798
794;795
795;795
796;799
797;797
798;799
799;799
800;3295
801;830
802;829
803;803
804;827
805;826
806;807
807;807
808;823
809;822
810;821
811;811
812;819
813;813
814;815
815;815
816;823
817;830
818;819
819;819
820;823
821;821
822;823
823;823
824;823
825;830
826;827
827;827
828;827
829;829
830;829
831;830
832;1215
833;894
834;893
835;892
836;891
837;890
838;889
839;839
840;3255
841;886
842;885
843;843
844;883
845;882
846;847
847;847
848;863
849;862
850;851
851;851
852;855
853;853
854;855
855;855
856;863
857;862
858;859
859;859
860;863
861;861
862;863
863;863
864;863
865;894
866;893
867;867
868;891
869;890
870;871
871;871
872;879
873;886
874;885
875;875
876;883
877;877
878;879
879;879
880;883
881;894
882;883
883;883
884;891
885;885
886;885
887;886
888;891
889;894
890;891
891;891
892;891
893;893
894;893
895;894
896;127
897;3198
898;3197
899;3196
900;3195
901;3194
902;3193
903;903
904;3191
905;3190
906;3189
907;907
908;3187
909;3186
910;3185
911;911
912;3183
913;3182
914;3181
915;915
916;919
917;917
918;919
919;919
920;927
921;926
922;923
923;923
924;927
925;925
926;927
927;927
928;3167
929;958
930;957
931;931
932;955
933;954
934;935
935;935
936;951
937;950
938;949
939;939
940;947
941;941
942;943
943;943
944;951
945;958
946;947
947;947
948;951
949;949
950;951
951;951
952;951
953;958
954;955
955;955
956;955
957;957
958;957
959;958
960;3135
961;1022
962;1021
963;1020
964;1019
965;1018
966;1017
967;967
968;3127
969;1014
970;1013
971;971
972;1011
973;1010
974;975
975;975
976;991
977;990
978;979
979;979
980;983
981;981
982;983
983;983
984;991
985;990
986;987
987;987
988;991
989;989
990;991
991;991
992;991
993;1022
994;1021
995;995
996;1019
997;1018
998;999
999;999
1000;1007
1001;1014
1002;1013
1003;1003
1004;1011
1005;1005
1006;1007
1007;1007
1008;1011
1009;1022
1010;1011
1011;1011
1012;1019
1013;1013
1014;1013
1015;1014
1016;1019
1017;1022
1018;1019
1019;1019
1020;1019
1021;1021
1022;1021
1023;1022
1024;1087
1025;2046
1026;3069
1027;2044
1028;1019
1029;2042
1030;2041
1031;2040
1032;1527
1033;2038
1034;2037
1035;2036
1036;2035
1037;2034
1038;2033
1039;1039
1040;2031
1041;2030
1042;2029
1043;1043
1044;2027
1045;2026
1046;1047
1047;1047
1048;2023
1049;2022
1050;2021
1051;1051
1052;1055
1053;1053
1054;1055
1055;1055
1056;3039
1057;2014
1058;2013
1059;1059
1060;2011
1061;2010
1062;2009
1063;1063
1064;2007
1065;2006
1066;2005
1067;1067
1068;2003
1069;2002
1070;1071
1071;1071
1072;1087
1073;1086
1074;1075
1075;1075
1076;1079
1077;1077
1078;1079
1079;1079
1080;1087
1081;1086
1082;1083
1083;1083
1084;1087
1085;1085
1086;1087
1087;1087
1088;1215
1089;1982
1090;1981
1091;1980
1092;3003
1093;1978
1094;1977
1095;1976
1096;2999
1097;1974
1098;1973
1099;1972
1100;1971
1101;1970
1102;1969
1103;1103
1104;1967
1105;1966
1106;1965
1107;1107
1108;1963
1109;1962
1110;1111
1111;1111
1112;1959
1113;1958
1114;1115
1115;1115
1116;1119
1117;1117
1118;1119
1119;1119
1120;1951
1121;1150
1122;1149
1123;1123
1124;1147
1125;1146
1126;1127
1127;1127
1128;1143
1129;1142
1130;1141
1131;1131
1132;1139
1133;1133
1134;1135
1135;1135
1136;1143
1137;1150
1138;1139
1139;1139
1140;1143
1141;1141
1142;1143
1143;1143
1144;1143
1145;1150
1146;1147
1147;1147
1148;1147
1149;1149
1150;1149
1151;1150
1152;1215
1153;1918
1154;1917
1155;1916
1156;891
1157;1914
1158;1913
1159;1912
1160;1399
1161;1910
1162;1909
1163;1908
1164;1907
1165;1906
1166;1905
1167;1167
1168;1903
1169;1902
1170;1901
1171;1171
1172;1899
1173;1898
1174;1175
1175;1175
1176;1895
1177;1894
1178;1179
1179;1179
1180;1183
1181;1181
1182;1183
1183;1183
1184;1215
1185;1886
1186;1885
1187;1187
1188;1883
1189;1882
1190;1881
1191;1191
1192;1879
1193;1878
1194;1877
1195;1195
1196;1875
1197;1197
1198;1199
1199;1199
1200;1215
1201;1214
1202;1203
1203;1203
1204;1207
1205;1205
1206;1207
1207;1207
1208;1215
1209;1214
1210;1211
1211;1211
1212;1215
1213;1213
1214;1215
1215;1215
1216;1215
1217;1854
1218;1853
1219;1852
1220;1851
1221;1850
1222;1849
1223;1223
1224;2871
1225;1846
1226;1845
1227;1844
1228;1843
1229;1842
1230;1841
1231;1231
1232;1839
1233;1838
1234;1837
1235;1235
1236;1835
1237;1237
1238;1239
1239;1239
1240;1247
1241;1246
1242;1243
1243;1243
1244;1247
1245;1245
1246;1247
1247;1247
1248;1823
1249;1278
1250;1277
1251;1251
1252;1275
1253;1274
1254;1255
1255;1255
1256;1271
1257;1270
1258;1269
1259;1259
1260;1267
1261;1261
1262;1263
1263;1263
1264;1271
1265;1278
1266;1267
1267;1267
1268;1271
1269;1269
1270;1271
1271;1271
1272;1271
1273;1278
1274;1275
1275;1275
1276;1275
1277;1277
1278;1277
1279;1278
1280;1311
1281;1790
1282;1789
1283;1788
1284;2811
1285;1786
1286;1785
1287;1784
1288;1527
1289;1782
1290;1781
1291;1780
1292;1779
1293;1778
1294;1777
1295;1295
1296;1775
1297;1774
1298;1773
1299;1299
1300;1771
1301;1770
1302;1303
1303;1303
1304;1767
1305;1766
1306;1307
1307;1307
1308;1311
1309;1309
1310;1311
1311;1311
1312;1759
1313;1342
1314;1341
1315;1315
1316;1339
1317;1338
1318;1319
1319;1319
1320;1335
1321;1334
1322;1333
1323;1323
1324;1331
1325;1325
1326;1327
1327;1327
1328;1335
1329;1342
1330;1331
1331;1331
1332;1335
1333;1333
1334;1335
1335;1335
1336;1335
1337;1342
1338;1339
1339;1339
1340;1339
1341;1341
1342;1341
1343;1342
1344;1215
1345;1726
1346;1725
1347;1724
1348;1723
1349;1722
1350;1721
1351;1351
1352;1719
1353;1718
1354;1717
1355;1355
1356;1715
1357;1714
1358;1713
1359;1359
1360;1711
1361;1710
1362;1363
1363;1363
1364;1367
1365;1365
1366;1367
1367;1367
1368;1375
1369;1374
1370;1371
1371;1371
1372;1375
1373;1373
1374;1375
1375;1375
1376;1695
1377;1406
1378;1405
1379;1379
1380;1403
1381;1402
1382;1383
1383;1383
1384;1399
1385;1398
1386;1397
1387;1387
1388;1395
1389;1389
1390;1391
1391;1391
1392;1399
1393;1406
1394;1395
1395;1395
1396;1399
1397;1397
1398;1399
1399;1399
1400;1399
1401;1406
1402;1403
1403;1403
1404;1403
1405;1405
1406;1405
1407;1406
1408;1439
1409;1662
1410;1661
1411;1660
1412;2683
1413;1658
1414;1657
1415;1656
1416;2679
1417;1654
1418;1653
1419;1652
1420;1651
1421;1650
1422;1649
1423;1423
1424;1647
1425;1646
1426;1645
1427;1427
1428;1643
1429;1642
1430;1431
1431;1431
1432;1639
1433;1638
1434;1435
1435;1435
1436;1439
1437;1437
1438;1439
1439;1439
1440;1631
1441;1470
1442;1469
1443;1443
1444;1467
1445;1466
1446;1447
1447;1447
1448;1463
1449;1462
1450;1461
1451;1451
1452;1459
1453;1453
1454;1455
1455;1455
1456;1463
1457;1470
1458;1459
1459;1459
1460;1463
1461;1461
1462;1463
1463;1463
1464;1463
1465;1470
1466;1467
1467;1467
1468;1467
1469;1469
1470;1469
1471;1470
1472;575
1473;1598
1474;1597
1475;1596
1476;1595
1477;1594
1478;1593
1479;1479
1480;1591
1481;1590
1482;1589
1483;1483
1484;1587
1485;1586
1486;1487
1487;1487
1488;1503
1489;1502
1490;1491
1491;1491
1492;1495
1493;1493
1494;1495
1495;1495
1496;1503
1497;1502
1498;1499
1499;1499
1500;1503
1501;1501
1502;1503
1503;1503
1504;1567
1505;1534
1506;1533
1507;1507
1508;1531
1509;1530
1510;1511
1511;1511
1512;1527
1513;1526
1514;1525
1515;1515
1516;1523
1517;1517
1518;1519
1519;1519
1520;1527
1521;1534
1522;1523
1523;1523
1524;1527
1525;1525
1526;1527
1527;1527
1528;1527
1529;1534
1530;1531
1531;1531
1532;1531
1533;1533
1534;1533
1535;1534
1536;1567
1537;2046
1538;1789
1539;2044
1540;1595
1541;2042
1542;2041
1543;1543
1544;1591
1545;2038
1546;2037
1547;2036
1548;2035
1549;2034
1550;2033
1551;1551
1552;2031
1553;2030
1554;2029
1555;1555
1556;2027
1557;1557
1558;1559
1559;1559
1560;1567
1561;1566
1562;1563
1563;1563
1564;1567
1565;1565
1566;1567
1567;1567
1568;1759
1569;1598
1570;1597
1571;1571
1572;1595
1573;1594
1574;1575
1575;1575
1576;1591
1577;1590
1578;1589
1579;1579
1580;1587
1581;1581
1582;1583
1583;1583
1584;1591
1585;1598
1586;1587
1587;1587
1588;1591
1589;1589
1590;1591
1591;1591
1592;1591
1593;1598
1594;1595
1595;1595
1596;1595
1597;1597
1598;1597
1599;1598
1600;2495
1601;1982
1602;1981
1603;1980
1604;1723
1605;1978
1606;1977
1607;1607
1608;1719
1609;1974
1610;1973
1611;1611
1612;1971
1613;1970
1614;1615
1615;1615
1616;1631
1617;1630
1618;1619
1619;1619
1620;1623
1621;1621
1622;1623
1623;1623
1624;1631
1625;1630
1626;1627
1627;1627
1628;1631
1629;1629
1630;1631
1631;1631
1632;1951
1633;1662
1634;1661
1635;1635
1636;1947
1637;1658
1638;1639
1639;1639
1640;1647
1641;1654
1642;1653
1643;1643
1644;1651
1645;1645
1646;1647
1647;1647
1648;1651
1649;1662
1650;1651
1651;1651
1652;1651
1653;1653
1654;1653
1655;1654
1656;1639
1657;1662
1658;1661
1659;1658
1660;1651
1661;1661
1662;1661
1663;1662
1664;383
1665;1918
1666;1917
1667;1916
1668;1723
1669;1914
1670;1913
1671;1671
1672;1719
1673;1910
1674;1909
1675;1908
1676;1907
1677;1906
1678;1905
1679;1679
1680;1903
1681;1902
1682;1901
1683;1683
1684;1899
1685;1685
1686;1687
1687;1687
1688;1695
1689;1694
1690;1691
1691;1691
1692;1695
1693;1693
1694;1695
1695;1695
1696;1759
1697;1726
1698;1725
1699;1699
1700;1723
1701;1722
1702;1703
1703;1703
1704;1719
1705;1718
1706;1717
1707;1707
1708;1715
1709;1709
1710;1711
1711;1711
1712;1719
1713;1726
1714;1715
1715;1715
1716;1719
1717;1717
1718;1719
1719;1719
1720;1719
1721;1726
1722;1723
1723;1723
1724;1723
1725;1725
1726;1725
1727;1726
1728;1759
1729;1790
1730;1789
1731;1788
1732;1851
1733;1786
1734;1785
1735;1735
1736;1719
1737;1782
1738;1781
1739;1739
1740;1779
1741;1778
1742;1743
1743;1743
1744;1759
1745;1758
1746;1747
1747;1747
1748;1751
1749;1749
1750;1751
1751;1751
1752;1759
1753;1758
1754;1755
1755;1755
1756;1759
1757;1757
1758;1759
1759;1759
1760;1759
1761;1790
1762;1789
1763;1763
1764;1755
1765;1786
1766;1767
1767;1767
1768;1775
1769;1782
1770;1781
1771;1771
1772;1779
1773;1773
1774;1775
1775;1775
1776;1779
1777;1790
1778;1779
1779;1779
1780;1779
1781;1781
1782;1781
1783;1782
1784;1767
1785;1790
1786;1789
1787;1786
1788;1779
1789;1789
1790;1789
1791;1790
1792;2303
1793;2046
1794;1917
1795;2044
1796;1851
1797;2042
1798;2041
1799;1799
1800;1271
1801;2038
1802;2037
1803;1803
1804;2035
1805;2034
1806;2033
1807;1807
1808;2031
1809;2030
1810;2029
1811;1811
1812;2027
1813;1813
1814;1815
1815;1815
1816;1823
1817;1822
1818;1819
1819;1819
1820;1823
1821;1821
1822;1823
1823;1823
1824;1759
1825;1854
1826;1853
1827;1827
1828;1851
1829;1850
1830;1831
1831;1831
1832;2007
1833;1846
1834;1845
1835;1835
1836;1843
1837;1837
1838;1839
1839;1839
1840;1843
1841;1854
1842;1843
1843;1843
1844;1851
1845;1845
1846;1845
1847;1846
1848;1851
1849;1854
1850;1851
1851;1851
1852;1851
1853;1853
1854;1853
1855;1854
1856;1215
1857;1918
1858;1917
1859;1916
1860;1851
1861;1914
1862;1913
1863;1863
1864;1719
1865;1910
1866;1909
1867;1867
1868;1907
1869;1906
1870;1871
1871;1871
1872;1903
1873;1886
1874;1875
1875;1875
1876;1879
1877;1877
1878;1879
1879;1879
1880;1879
1881;1886
1882;1883
1883;1883
1884;1883
1885;1885
1886;1885
1887;1886
1888;1903
1889;1918
1890;1917
1891;1891
1892;1883
1893;1914
1894;1895
1895;1895
1896;1903
1897;1910
1898;1909
1899;1899
1900;1907
1901;1901
1902;1903
1903;1903
1904;1907
1905;1918
1906;1907
1907;1907
1908;1907
1909;1909
1910;1909
1911;1910
1912;1895
1913;1918
1914;1917
1915;1914
1916;1907
1917;1917
1918;1917
1919;1918
1920;2175
1921;2046
1922;1917
1923;2044
1924;1147
1925;2042
1926;2041
1927;1927
1928;1143
1929;2038
1930;2037
1931;1931
1932;2035
1933;2034
1934;2033
1935;1935
1936;2031
1937;2030
1938;2029
1939;1939
1940;1943
1941;1941
1942;1943
1943;1943
1944;1951
1945;1950
1946;1947
1947;1947
1948;1951
1949;1949
1950;1951
1951;1951
1952;1631
1953;1982
1954;1981
1955;1955
1956;2011
1957;1978
1958;1959
1959;1959
1960;2007
1961;1974
1962;1973
1963;1963
1964;1971
1965;1965
1966;1967
1967;1967
1968;1971
1969;1982
1970;1971
1971;1971
1972;1971
1973;1973
1974;1973
1975;1974
1976;1959
1977;1982
1978;1981
1979;1978
1980;1971
1981;1981
1982;1981
1983;1982
1984;1087
1985;2046
1986;1981
1987;2044
1988;1851
1989;2042
1990;2041
1991;1991
1992;1591
1993;2038
1994;2037
1995;1995
1996;2035
1997;2034
1998;1999
1999;1999
2000;2031
2001;2014
2002;2003
2003;2003
2004;2007
2005;2005
2006;2007
2007;2007
2008;2007
2009;2014
2010;2011
2011;2011
2012;2011
2013;2013
2014;2013
2015;2014
2016;2031
2017;2046
2018;2013
2019;2019
2020;2011
2021;2042
2022;2023
2023;2023
2024;2031
2025;2038
2026;2037
2027;2027
2028;2035
2029;2029
2030;2031
2031;2031
2032;2035
2033;2046
2034;2035
2035;2035
2036;2035
2037;2037
2038;2037
2039;2038
2040;2023
2041;2046
2042;2037
2043;2042
2044;2035
2045;2046
2046;2046
2047;2046
2048;2303
2049;4094
2050;3069
2051;4092
2052;2555
2053;4090
2054;4089
2055;4088
2056;2551
2057;4086
2058;4085
2059;4084
2060;2035
2061;4082
2062;4081
2063;4080
2064;2031
2065;4078
2066;4077
2067;4076
2068;4075
2069;4074
2070;4073
2071;2071
2072;4071
2073;4070
2074;4069
2075;2075
2076;4067
2077;4066
2078;2079
2079;2079
2080;3039
2081;4062
2082;4061
2083;4060
2084;4059
2085;4058
2086;4057
2087;2087
2088;4055
2089;4054
2090;4053
2091;2091
2092;4051
2093;4050
2094;2095
2095;2095
2096;2111
2097;2110
2098;2099
2099;2099
2100;2103
2101;2101
2102;2103
2103;2103
2104;2111
2105;2110
2106;2107
2107;2107
2108;2111
2109;2109
2110;2111
2111;2111
2112;2495
2113;4030
2114;4029
2115;4028
2116;3003
2117;4026
2118;4025
2119;4024
2120;2999
2121;4022
2122;4021
2123;4020
2124;4019
2125;4018
2126;4017
2127;2127
2128;4015
2129;4014
2130;4013
2131;2131
2132;4011
2133;4010
2134;2135
2135;2135
2136;4007
2137;4006
2138;4005
2139;2139
2140;2143
2141;2141
2142;2143
2143;2143
2144;2175
2145;3998
2146;3997
2147;2147
2148;3995
2149;3994
2150;3993
2151;2151
2152;3991
2153;3990
2154;3989
2155;2155
2156;3987
2157;3986
2158;2159
2159;2159
2160;2175
2161;2174
2162;2163
2163;2163
2164;2167
2165;2165
2166;2167
2167;2167
2168;2175
2169;2174
2170;2171
2171;2171
2172;2175
2173;2173
2174;2175
2175;2175
2176;2303
2177;3966
2178;1917
2179;3964
2180;2427
2181;3962
2182;3961
2183;3960
2184;2423
2185;3958
2186;3957
2187;3956
2188;3955
2189;3954
2190;3953
2191;3952
2192;3951
2193;3950
2194;3949
2195;2195
2196;3947
2197;3946
2198;3945
2199;2199
2200;3943
2201;3942
2202;3941
2203;2203
2204;3939
2205;3938
2206;2207
2207;2207
2208;2911
2209;3934
2210;3933
2211;3932
2212;3931
2213;3930
2214;3929
2215;2215
2216;3927
2217;3926
2218;3925
2219;2219
2220;3923
2221;3922
2222;2223
2223;2223
2224;2239
2225;2238
2226;2227
2227;2227
2228;2231
2229;2229
2230;2231
2231;2231
2232;2239
2233;2238
2234;2235
2235;2235
2236;2239
2237;2237
2238;2239
2239;2239
2240;2303
2241;3902
2242;3901
2243;3900
2244;1851
2245;3898
2246;3897
2247;3896
2248;2871
2249;3894
2250;3893
2251;3892
2252;3891
2253;3890
2254;3889
2255;2255
2256;3887
2257;3886
2258;3885
2259;2259
2260;3883
2261;3882
2262;2263
2263;2263
2264;3879
2265;3878
2266;2267
2267;2267
2268;2271
2269;2269
2270;2271
2271;2271
2272;3871
2273;3870
2274;3869
2275;2275
2276;3867
2277;3866
2278;3865
2279;2279
2280;3863
2281;3862
2282;3861
2283;2283
2284;3859
2285;2285
2286;2287
2287;2287
2288;2303
2289;2302
2290;2291
2291;2291
2292;2295
2293;2293
2294;2295
2295;2295
2296;2303
2297;2302
2298;2299
2299;2299
2300;2303
2301;2301
2302;2303
2303;2303
2304;2303
2305;3838
2306;3837
2307;3836
2308;2811
2309;3834
2310;3833
2311;3832
2312;2551
2313;3830
2314;3829
2315;3828
2316;3827
2317;3826
2318;3825
2319;2319
2320;3823
2321;3822
2322;3821
2323;2323
2324;3819
2325;3818
2326;2327
2327;2327
2328;3815
2329;3814
2330;3813
2331;2331
2332;3811
2333;2333
2334;2335
2335;2335
2336;1759
2337;3806
2338;3805
2339;3804
2340;3803
2341;3802
2342;3801
2343;2343
2344;3799
2345;3798
2346;3797
2347;2347
2348;3795
2349;3794
2350;2351
2351;2351
2352;2367
2353;2366
2354;2355
2355;2355
2356;2359
2357;2357
2358;2359
2359;2359
2360;2367
2361;2366
2362;2363
2363;2363
2364;2367
2365;2365
2366;2367
2367;2367
2368;2495
2369;3774
2370;3773
2371;3772
2372;3771
2373;3770
2374;3769
2375;3768
2376;1719
2377;3766
2378;3765
2379;3764
2380;3763
2381;3762
2382;3761
2383;2383
2384;3759
2385;3758
2386;3757
2387;2387
2388;3755
2389;3754
2390;2391
2391;2391
2392;3751
2393;3750
2394;2395
2395;2395
2396;2399
2397;2397
2398;2399
2399;2399
2400;3743
2401;2430
2402;2429
2403;2403
2404;2427
2405;2426
2406;2407
2407;2407
2408;2423
2409;2422
2410;2421
2411;2411
2412;2419
2413;2413
2414;2415
2415;2415
2416;2423
2417;2430
2418;2419
2419;2419
2420;2423
2421;2421
2422;2423
2423;2423
2424;2423
2425;2430
2426;2427
2427;2427
2428;2427
2429;2429
2430;2429
2431;2430
2432;2175
2433;3710
2434;3709
2435;3708
2436;2683
2437;3706
2438;3705
2439;3704
2440;2679
2441;3702
2442;3701
2443;3700
2444;3699
2445;3698
2446;3697
2447;2447
2448;3695
2449;3694
2450;3693
2451;2451
2452;3691
2453;3690
2454;2455
2455;2455
2456;3687
2457;3686
2458;3685
2459;2459
2460;2463
2461;2461
2462;2463
2463;2463
2464;2495
2465;3678
2466;3677
2467;2467
2468;3675
2469;3674
2470;3673
2471;2471
2472;3671
2473;3670
2474;3669
2475;2475
2476;3667
2477;3666
2478;2479
2479;2479
2480;2495
2481;2494
2482;2483
2483;2483
2484;2487
2485;2485
2486;2487
2487;2487
2488;2495
2489;2494
2490;2491
2491;2491
2492;2495
2493;2493
2494;2495
2495;2495
2496;2495
2497;3646
2498;3645
2499;3644
2500;3643
2501;3642
2502;3641
2503;3640
2504;1591
2505;3638
2506;3637
2507;3636
2508;3635
2509;3634
2510;3633
2511;2511
2512;3631
2513;3630
2514;3629
2515;2515
2516;3627
2517;3626
2518;2519
2519;2519
2520;3623
2521;3622
2522;2523
2523;2523
2524;2527
2525;2525
2526;2527
2527;2527
2528;3615
2529;2558
2530;2557
2531;2531
2532;2555
2533;2554
2534;2535
2535;2535
2536;2551
2537;2550
2538;2549
2539;2539
2540;2547
2541;2541
2542;2543
2543;2543
2544;2551
2545;2558
2546;2547
2547;2547
2548;2551
2549;2549
2550;2551
2551;2551
2552;2551
2553;2558
2554;2555
2555;2555
2556;2555
2557;2557
2558;2557
2559;2558
2560;2591
2561;3070
2562;3069
2563;3068
2564;3579
2565;3066
2566;3065
2567;2567
2568;2679
2569;3062
2570;3061
2571;3060
2572;3059
2573;3058
2574;3057
2575;2575
2576;3055
2577;3054
2578;3053
2579;2579
2580;3051
2581;2581
2582;2583
2583;2583
2584;2591
2585;2590
2586;2587
2587;2587
2588;2591
2589;2589
2590;2591
2591;2591
2592;3039
2593;2622
2594;2621
2595;2595
2596;2619
2597;2618
2598;2599
2599;2599
2600;2615
2601;2614
2602;2613
2603;2603
2604;2611
2605;2605
2606;2607
2607;2607
2608;2615
2609;2622
2610;2611
2611;2611
2612;2615
2613;2613
2614;2615
2615;2615
2616;2615
2617;2622
2618;2619
2619;2619
2620;2619
2621;2621
2622;2621
2623;2622
2624;2495
2625;3006
2626;3005
2627;3004
2628;3003
2629;3002
2630;3001
2631;2631
2632;2999
2633;2998
2634;2997
2635;2635
2636;2995
2637;2994
2638;2639
2639;2639
2640;2655
2641;2654
2642;2643
2643;2643
2644;2647
2645;2645
2646;2647
2647;2647
2648;2655
2649;2654
2650;2651
2651;2651
2652;2655
2653;2653
2654;2655
2655;2655
2656;2975
2657;2686
2658;2685
2659;2659
2660;2683
2661;2682
2662;2663
2663;2663
2664;2679
2665;2678
2666;2677
2667;2667
2668;2675
2669;2669
2670;2671
2671;2671
2672;2679
2673;2686
2674;2675
2675;2675
2676;2679
2677;2677
2678;2679
2679;2679
2680;2679
2681;2686
2682;2683
2683;2683
2684;2683
2685;2685
2686;2685
2687;2686
2688;2719
2689;2942
2690;2941
2691;2940
2692;3451
2693;2938
2694;2937
2695;2695
2696;2679
2697;2934
2698;2933
2699;2932
2700;2931
2701;2930
2702;2929
2703;2703
2704;2927
2705;2926
2706;2925
2707;2707
2708;2923
2709;2709
2710;2711
2711;2711
2712;2719
2713;2718
2714;2715
2715;2715
2716;2719
2717;2717
2718;2719
2719;2719
2720;2911
2721;2750
2722;2749
2723;2723
2724;2747
2725;2746
2726;2727
2727;2727
2728;2743
2729;2742
2730;2741
2731;2731
2732;2739
2733;2733
2734;2735
2735;2735
2736;2743
2737;2750
2738;2739
2739;2739
2740;2743
2741;2741
2742;2743
2743;2743
2744;2743
2745;2750
2746;2747
2747;2747
2748;2747
2749;2749
2750;2749
2751;2750
2752;2367
2753;2814
2754;2813
2755;2812
2756;2811
2757;2810
2758;2809
2759;2759
2760;2871
2761;2806
2762;2805
2763;2763
2764;2803
2765;2802
2766;2767
2767;2767
2768;2783
2769;2782
2770;2771
2771;2771
2772;2775
2773;2773
2774;2775
2775;2775
2776;2783
2777;2782
2778;2779
2779;2779
2780;2783
2781;2781
2782;2783
2783;2783
2784;2783
2785;2814
2786;2813
2787;2787
2788;2811
2789;2810
2790;2791
2791;2791
2792;2799
2793;2806
2794;2805
2795;2795
2796;2803
2797;2797
2798;2799
2799;2799
2800;2803
2801;2814
2802;2803
2803;2803
2804;2811
2805;2805
2806;2805
2807;2806
2808;2811
2809;2814
2810;2811
2811;2811
2812;2811
2813;2813
2814;2813
2815;2814
2816;2303
2817;3070
2818;3069
2819;3068
2820;2811
2821;3066
2822;3065
2823;2823
2824;3319
2825;3062
2826;3061
2827;2827
2828;3059
2829;3058
2830;3057
2831;2831
2832;3055
2833;3054
2834;3053
2835;2835
2836;3051
2837;2837
2838;2839
2839;2839
2840;2847
2841;2846
2842;2843
2843;2843
2844;2847
2845;2845
2846;2847
2847;2847
2848;3039
2849;2878
2850;2877
2851;2851
2852;2875
2853;2874
2854;2855
2855;2855
2856;2871
2857;2870
2858;2869
2859;2859
2860;2867
2861;2861
2862;2863
2863;2863
2864;2871
2865;2878
2866;2867
2867;2867
2868;2871
2869;2869
2870;2871
2871;2871
2872;2871
2873;2878
2874;2875
2875;2875
2876;2875
2877;2877
2878;2877
2879;2878
2880;1215
2881;2942
2882;2941
2883;2940
2884;3003
2885;2938
2886;2937
2887;2887
2888;2999
2889;2934
2890;2933
2891;2891
2892;2931
2893;2930
2894;2895
2895;2895
2896;2911
2897;2910
2898;2899
2899;2899
2900;2903
2901;2901
2902;2903
2903;2903
2904;2911
2905;2910
2906;2907
2907;2907
2908;2911
2909;2909
2910;2911
2911;2911
2912;2911
2913;2942
2914;2941
2915;2915
2916;2907
2917;2938
2918;2919
2919;2919
2920;2927
2921;2934
2922;2933
2923;2923
2924;2931
2925;2925
2926;2927
2927;2927
2928;2931
2929;2942
2930;2931
2931;2931
2932;2931
2933;2933
2934;2933
2935;2934
2936;2919
2937;2942
2938;2941
2939;2938
2940;2931
2941;2941
2942;2941
2943;2942
2944;2175
2945;3070
2946;3069
2947;3068
2948;2683
2949;3066
2950;3065
2951;2951
2952;2679
2953;3062
2954;3061
2955;2955
2956;3059
2957;3058
2958;3057
2959;2959
2960;3055
2961;3054
2962;3053
2963;2963
2964;2967
2965;2965
2966;2967
2967;2967
2968;2975
2969;2974
2970;2971
2971;2971
2972;2975
2973;2973
2974;2975
2975;2975
2976;3039
2977;3006
2978;3005
2979;2979
2980;3003
2981;3002
2982;2983
2983;2983
2984;2999
2985;2998
2986;2997
2987;2987
2988;2995
2989;2989
2990;2991
2991;2991
2992;2999
2993;3006
2994;2995
2995;2995
2996;2999
2997;2997
2998;2999
2999;2999
3000;2999
3001;3006
3002;3003
3003;3003
3004;3003
3005;3005
3006;3005
3007;3006
3008;3135
3009;3070
3010;3069
3011;3068
3012;3003
3013;3066
3014;3065
3015;3015
3016;2999
3017;3062
3018;3061
3019;3019
3020;3059
3021;3058
3022;3023
3023;3023
3024;3039
3025;3038
3026;3027
3027;3027
3028;3031
3029;3029
3030;3031
3031;3031
3032;3039
3033;3038
3034;3035
3035;3035
3036;3039
3037;3037
3038;3039
3039;3039
3040;3039
3041;3070
3042;3069
3043;3043
3044;3035
3045;3066
3046;3047
3047;3047
3048;3055
3049;3062
3050;3061
3051;3051
3052;3059
3053;3053
3054;3055
3055;3055
3056;3059
3057;3070
3058;3059
3059;3059
3060;3059
3061;3061
3062;3061
3063;3062
3064;3047
3065;3070
3066;3069
3067;3066
3068;3059
3069;3069
3070;3069
3071;3070
3072;3135
3073;4094
3074;3069
3075;4092
3076;3579
3077;4090
3078;4089
3079;4088
3080;3319
3081;4086
3082;4085
3083;4084
3084;3059
3085;4082
3086;4081
3087;3087
3088;3055
3089;4078
3090;4077
3091;3091
3092;4075
3093;4074
3094;3095
3095;3095
3096;4071
3097;4070
3098;4069
3099;3099
3100;3103
3101;3101
3102;3103
3103;3103
3104;3135
3105;4062
3106;4061
3107;3107
3108;4059
3109;4058
3110;4057
3111;3111
3112;4055
3113;4054
3114;4053
3115;3115
3116;4051
3117;4050
3118;3119
3119;3119
3120;3135
3121;3134
3122;3123
3123;3123
3124;3127
3125;3125
3126;3127
3127;3127
3128;3135
3129;3134
3130;3131
3131;3131
3132;3135
3133;3133
3134;3135
3135;3135
3136;3135
3137;4030
3138;4029
3139;4028
3140;3003
3141;4026
3142;4025
3143;4024
3144;2999
3145;4022
3146;4021
3147;4020
3148;4019
3149;4018
3150;4017
3151;3151
3152;4015
3153;4014
3154;4013
3155;3155
3156;4011
3157;4010
3158;3159
3159;3159
3160;4007
3161;4006
3162;3163
3163;3163
3164;3167
3165;3165
3166;3167
3167;3167
3168;2975
3169;3198
3170;3197
3171;3171
3172;3195
3173;3194
3174;3175
3175;3175
3176;3191
3177;3190
3178;3189
3179;3179
3180;3187
3181;3181
3182;3183
3183;3183
3184;3191
3185;3198
3186;3187
3187;3187
3188;3191
3189;3189
3190;3191
3191;3191
3192;3191
3193;3198
3194;3195
3195;3195
3196;3195
3197;3197
3198;3197
3199;3198
3200;3231
3201;3966
3202;2941
3203;3964
3204;3451
3205;3962
3206;3961
3207;3960
3208;3319
3209;3958
3210;3957
3211;3956
3212;3955
3213;3954
3214;3953
3215;3215
3216;3951
3217;3950
3218;3949
3219;3219
3220;3947
3221;3946
3222;3223
3223;3223
3224;3943
3225;3942
3226;3227
3227;3227
3228;3231
3229;3229
3230;3231
3231;3231
3232;2911
3233;3934
3234;3933
3235;3235
3236;3931
3237;3930
3238;3929
3239;3239
3240;3927
3241;3926
3242;3925
3243;3243
3244;3923
3245;3245
3246;3247
3247;3247
3248;3255
3249;3262
3250;3251
3251;3251
3252;3255
3253;3253
3254;3255
3255;3255
3256;3255
3257;3262
3258;3259
3259;3259
3260;3259
3261;3261
3262;3261
3263;3262
3264;3135
3265;3902
3266;3901
3267;3900
3268;3323
3269;3898
3270;3897
3271;3271
3272;3319
3273;3894
3274;3893
3275;3892
3276;3891
3277;3890
3278;3889
3279;3279
3280;3887
3281;3886
3282;3885
3283;3283
3284;3883
3285;3285
3286;3287
3287;3287
3288;3295
3289;3294
3290;3291
3291;3291
3292;3295
3293;3293
3294;3295
3295;3295
3296;3871
3297;3326
3298;3325
3299;3299
3300;3323
3301;3322
3302;3303
3303;3303
3304;3319
3305;3318
3306;3317
3307;3307
3308;3315
3309;3309
3310;3311
3311;3311
3312;3319
3313;3326
3314;3315
3315;3315
3316;3319
3317;3317
3318;3319
3319;3319
3320;3319
3321;3326
3322;3323
3323;3323
3324;3323
3325;3325
3326;3325
3327;3326
3328;3359
3329;3838
3330;3837
3331;3836
3332;3579
3333;3834
3334;3833
3335;3832
3336;3319
3337;3830
3338;3829
3339;3828
3340;3827
3341;3826
3342;3825
3343;3343
3344;3823
3345;3822
3346;3821
3347;3347
3348;3819
3349;3818
3350;3351
3351;3351
3352;3815
3353;3814
3354;3355
3355;3355
3356;3359
3357;3357
3358;3359
3359;3359
3360;3551
3361;3390
3362;3389
3363;3363
3364;3387
3365;3386
3366;3367
3367;3367
3368;3383
3369;3382
3370;3381
3371;3371
3372;3379
3373;3373
3374;3375
3375;3375
3376;3383
3377;3390
3378;3379
3379;3379
3380;3383
3381;3381
3382;3383
3383;3383
3384;3383
3385;3390
3386;3387
3387;3387
3388;3387
3389;3389
3390;3389
3391;3390
3392;3423
3393;3774
3394;3773
3395;3772
3396;3771
3397;3770
3398;3769
3399;3399
3400;3511
3401;3766
3402;3765
3403;3403
3404;3763
3405;3762
3406;3761
3407;3407
3408;3759
3409;3758
3410;3411
3411;3411
3412;3415
3413;3413
3414;3415
3415;3415
3416;3423
3417;3422
3418;3419
3419;3419
3420;3423
3421;3421
3422;3423
3423;3423
3424;3743
3425;3454
3426;3453
3427;3427
3428;3451
3429;3450
3430;3431
3431;3431
3432;3439
3433;3446
3434;3445
3435;3435
3436;3443
3437;3437
3438;3439
3439;3439
3440;3443
3441;3454
3442;3443
3443;3443
3444;3451
3445;3445
3446;3445
3447;3446
3448;3451
3449;3454
3450;3451
3451;3451
3452;3451
3453;3453
3454;3453
3455;3454
3456;3487
3457;3710
3458;3709
3459;3708
3460;3579
3461;3706
3462;3705
3463;3704
3464;2679
3465;3702
3466;3701
3467;3700
3468;3699
3469;3698
3470;3697
3471;3471
3472;3695
3473;3694
3474;3693
3475;3475
3476;3691
3477;3690
3478;3479
3479;3479
3480;3687
3481;3686
3482;3483
3483;3483
3484;3487
3485;3485
3486;3487
3487;3487
3488;3551
3489;3518
3490;3517
3491;3491
3492;3515
3493;3514
3494;3495
3495;3495
3496;3511
3497;3510
3498;3509
3499;3499
3500;3507
3501;3501
3502;3503
3503;3503
3504;3511
3505;3518
3506;3507
3507;3507
3508;3511
3509;3509
3510;3511
3511;3511
3512;3511
3513;3518
3514;3515
3515;3515
3516;3515
3517;3517
3518;3517
3519;3518
3520;3135
3521;3646
3522;3645
3523;3644
3524;3643
3525;3642
3526;3641
3527;3527
3528;3511
3529;3638
3530;3637
3531;3531
3532;3635
3533;3634
3534;3535
3535;3535
3536;3551
3537;3550
3538;3539
3539;3539
3540;3543
3541;3541
3542;3543
3543;3543
3544;3551
3545;3550
3546;3547
3547;3547
3548;3551
3549;3549
3550;3551
3551;3551
3552;3615
3553;3582
3554;3581
3555;3555
3556;3579
3557;3578
3558;3559
3559;3559
3560;3567
3561;3574
3562;3573
3563;3563
3564;3571
3565;3565
3566;3567
3567;3567
3568;3571
3569;3582
3570;3571
3571;3571
3572;3579
3573;3573
3574;3573
3575;3574
3576;3579
3577;3582
3578;3579
3579;3579
3580;3579
3581;3581
3582;3581
3583;3582
3584;3615
3585;4094
3586;3837
3587;4092
3588;3643
3589;4090
3590;4089
3591;3591
3592;2551
3593;4086
3594;4085
3595;4084
3596;3827
3597;4082
3598;4081
3599;3599
3600;3823
3601;4078
3602;4077
3603;3603
3604;4075
3605;3605
3606;3607
3607;3607
3608;3615
3609;3614
3610;3611
3611;3611
3612;3615
3613;3613
3614;3615
3615;3615
3616;3615
3617;3646
3618;3645
3619;3619
3620;3643
3621;3642
3622;3623
3623;3623
3624;4055
3625;3638
3626;3637
3627;3627
3628;3635
3629;3629
3630;3631
3631;3631
3632;3635
3633;3646
3634;3635
3635;3635
3636;3643
3637;3637
3638;3637
3639;3638
3640;3643
3641;3646
3642;3643
3643;3643
3644;3643
3645;3645
3646;3645
3647;3646
3648;2495
3649;4030
3650;4029
3651;4028
3652;3771
3653;4026
3654;4025
3655;3655
3656;3511
3657;4022
3658;4021
3659;3659
3660;4019
3661;4018
3662;3663
3663;3663
3664;4015
3665;3678
3666;3667
3667;3667
3668;3671
3669;3669
3670;3671
3671;3671
3672;3671
3673;3678
3674;3675
3675;3675
3676;3675
3677;3677
3678;3677
3679;3678
3680;3695
3681;3710
3682;3709
3683;3683
3684;3995
3685;3706
3686;3687
3687;3687
3688;3695
3689;3702
3690;3701
3691;3691
3692;3699
3693;3693
3694;3695
3695;3695
3696;3699
3697;3710
3698;3699
3699;3699
3700;3699
3701;3701
3702;3701
3703;3702
3704;3687
3705;3710
3706;3709
3707;3706
3708;3699
3709;3709
3710;3709
3711;3710
3712;3743
3713;3966
3714;3837
3715;3964
3716;3771
3717;3962
3718;3961
3719;3719
3720;2423
3721;3958
3722;3957
3723;3956
3724;3955
3725;3954
3726;3953
3727;3727
3728;3951
3729;3950
3730;3949
3731;3731
3732;3947
3733;3733
3734;3735
3735;3735
3736;3743
3737;3742
3738;3739
3739;3739
3740;3743
3741;3741
3742;3743
3743;3743
3744;3743
3745;3774
3746;3773
3747;3747
3748;3771
3749;3770
3750;3751
3751;3751
3752;3927
3753;3766
3754;3765
3755;3755
3756;3763
3757;3757
3758;3759
3759;3759
3760;3763
3761;3774
3762;3763
3763;3763
3764;3771
3765;3765
3766;3765
3767;3766
3768;3771
3769;3774
3770;3771
3771;3771
3772;3771
3773;3773
3774;3773
3775;3774
3776;2367
3777;3838
3778;3837
3779;3836
3780;3771
3781;3834
3782;3833
3783;3783
3784;3383
3785;3830
3786;3829
3787;3787
3788;3827
3789;3826
3790;3791
3791;3791
3792;3823
3793;3806
3794;3795
3795;3795
3796;3799
3797;3797
3798;3799
3799;3799
3800;3799
3801;3806
3802;3803
3803;3803
3804;3803
3805;3805
3806;3805
3807;3806
3808;3871
3809;3838
3810;3837
3811;3811
3812;3803
3813;3834
3814;3815
3815;3815
3816;3823
3817;3830
3818;3829
3819;3819
3820;3827
3821;3821
3822;3823
3823;3823
3824;3827
3825;3838
3826;3827
3827;3827
3828;3827
3829;3829
3830;3829
3831;3830
3832;3815
3833;3838
3834;3837
3835;3834
3836;3827
3837;3837
3838;3837
3839;3838
3840;3871
3841;4094
3842;3837
3843;4092
3844;3323
3845;4090
3846;4089
3847;3847
3848;3319
3849;4086
3850;4085
3851;3851
3852;3955
3853;4082
3854;4081
3855;3855
3856;3951
3857;4078
3858;4077
3859;3859
3860;4075
3861;3861
3862;3863
3863;3863
3864;3871
3865;3870
3866;3867
3867;3867
3868;3871
3869;3869
3870;3871
3871;3871
3872;3871
3873;3902
3874;3901
3875;3875
3876;4059
3877;3898
3878;3879
3879;3879
3880;4055
3881;3894
3882;3893
3883;3883
3884;3891
3885;3885
3886;3887
3887;3887
3888;3891
3889;3902
3890;3891
3891;3891
3892;3891
3893;3893
3894;3893
3895;3894
3896;3879
3897;3902
3898;3901
3899;3898
3900;3891
3901;3901
3902;3901
3903;3902
3904;2239
3905;3966
3906;4029
3907;3964
3908;3771
3909;3962
3910;3961
3911;3911
3912;3927
3913;3958
3914;3957
3915;3915
3916;3955
3917;3954
3918;3919
3919;3919
3920;3951
3921;3934
3922;3923
3923;3923
3924;3927
3925;3925
3926;3927
3927;3927
3928;3927
3929;3934
3930;3931
3931;3931
3932;3931
3933;3933
3934;3933
3935;3934
3936;3951
3937;3966
3938;3933
3939;3939
3940;3931
3941;3962
3942;3943
3943;3943
3944;3951
3945;3958
3946;3957
3947;3947
3948;3955
3949;3949
3950;3951
3951;3951
3952;3955
3953;3966
3954;3955
3955;3955
3956;3955
3957;3957
3958;3957
3959;3958
3960;3943
3961;3966
3962;3957
3963;3962
3964;3955
3965;3966
3966;3966
3967;3966
3968;2175
3969;4094
3970;3709
3971;4092
3972;3195
3973;4090
3974;4089
3975;3975
3976;3191
3977;4086
3978;4085
3979;3979
3980;3955
3981;4082
3982;4081
3983;3983
3984;3951
3985;4078
3986;4077
3987;3987
3988;3991
3989;3989
3990;3991
3991;3991
3992;4071
3993;3998
3994;3995
3995;3995
3996;3995
3997;3997
3998;3997
3999;3998
4000;4015
4001;4030
4002;4029
4003;4003
4004;4059
4005;4026
4006;4007
4007;4007
4008;4055
4009;4022
4010;4021
4011;4011
4012;4019
4013;4013
4014;4015
4015;4015
4016;4019
4017;4030
4018;4019
4019;4019
4020;4019
4021;4021
4022;4021
4023;4022
4024;4007
4025;4030
4026;4029
4027;4026
4028;4019
4029;4029
4030;4029
4031;4030
4032;3135
4033;4094
4034;4029
4035;4092
4036;3643
4037;4090
4038;4089
4039;4039
4040;4055
4041;4086
4042;4085
4043;4043
4044;4019
4045;4082
4046;4047
4047;4047
4048;4015
4049;4062
4050;4051
4051;4051
4052;4055
4053;4053
4054;4055
4055;4055
4056;4055
4057;4062
4058;4059
4059;4059
4060;4059
4061;4061
4062;4061
4063;4062
4064;3871
4065;4094
4066;4061
4067;4067
4068;4059
4069;4090
4070;4071
4071;4071
4072;4055
4073;4086
4074;4085
4075;4075
4076;4075
4077;4077
4078;4081
4079;4078
4080;4047
4081;4094
4082;4085
4083;4082
4084;4085
4085;4085
4086;4085
4087;4086
4088;4071
4089;4094
4090;4085
4091;4090
4092;4067
4093;4094
4094;4094
4095;4094
